"user_id","Choice","Group","Memory","TimeClick","Timesec","Q15_Page_Submit","Q16_Page_Submit","Q17_Page_Submit","Q18_Page_Submit","Age","Gender","Q23","PC1","PC2","PC3","PC4","PF1","PF2","PF3","PF4","PF5","BA","BF1","BF2","Memory_1","Memory_2","PC","PF","Group_1","Group_2","Group_3","Group_4","Choice_f","Memory_f"
1,2,4,2,12329,12.329,NA,NA,NA,160.43,2,2,1,3,3,2,3,3,3,2,3,2,NA,NA,NA,0,1,2.75,2.6,0,0,0,1,"Reject","NoMemory"
2,2,1,1,6465,6.465,17.554,NA,NA,NA,1,1,1,2,1,2,1,2,2,3,2,2,4,1,1,1,0,1.5,2.2,1,0,0,0,"Reject","WithMemory"
3,2,3,1,5190,5.19,NA,NA,13.501,NA,1,2,1,3,2,2,1,2,2,3,1,1,NA,NA,NA,1,0,2,1.8,0,0,1,0,"Reject","WithMemory"
4,1,3,2,9493,9.493,NA,NA,21.604,NA,2,1,1,1,1,1,1,1,4,3,3,3,NA,NA,NA,0,1,1,2.8,0,0,1,0,"Accept","NoMemory"
5,2,2,2,5120,5.12,NA,84.344,NA,NA,2,2,1,1,1,1,1,1,1,1,2,3,4,1,1,0,1,1,1.6,0,1,0,0,"Reject","NoMemory"
6,2,4,2,4081,4.081,NA,NA,NA,91.6,1,1,1,1,1,1,1,1,1,1,3,3,NA,NA,NA,0,1,1,1.8,0,0,0,1,"Reject","NoMemory"
7,2,3,1,4662,4.662,NA,NA,17.156,NA,2,1,1,1,1,1,1,1,1,1,2,2,NA,NA,NA,1,0,1,1.4,0,0,1,0,"Reject","WithMemory"
8,1,3,2,9774,9.774,NA,NA,18.301,NA,2,1,1,3,3,2,1,1,1,1,3,2,NA,NA,NA,0,1,2.25,1.6,0,0,1,0,"Accept","NoMemory"
9,2,2,2,12513,12.513,NA,41.887,NA,NA,3,1,1,1,1,1,1,1,2,1,3,2,4,1,1,0,1,1,1.8,0,1,0,0,"Reject","NoMemory"
10,2,4,1,8770,8.77,NA,NA,NA,18.064,2,1,1,1,1,1,1,1,1,1,1,1,NA,NA,NA,1,0,1,1,0,0,0,1,"Reject","WithMemory"
11,2,2,1,3073,3.073,NA,37.296,NA,NA,1,1,1,1,1,1,1,1,1,1,2,2,4,1,1,1,0,1,1.4,0,1,0,0,"Reject","WithMemory"
12,1,1,2,4049,4.049,7.549,NA,NA,NA,1,2,1,4,4,3,4,4,5,4,5,3,5,1,1,0,1,3.75,4.2,1,0,0,0,"Accept","NoMemory"
13,2,4,2,5441,5.441,NA,NA,NA,238.968,1,1,1,1,1,1,1,1,1,1,2,2,NA,NA,NA,0,1,1,1.4,0,0,0,1,"Reject","NoMemory"
14,2,2,1,8628,8.628,NA,8.972,NA,NA,1,1,1,2,3,3,3,2,3,2,3,2,5,1,1,1,0,2.75,2.4,0,1,0,0,"Reject","WithMemory"
15,2,4,2,7552,7.552,NA,NA,NA,20.359,1,1,1,1,1,1,1,1,1,1,1,1,NA,NA,NA,0,1,1,1,0,0,0,1,"Reject","NoMemory"
16,4,3,1,NA,NA,NA,NA,58.054,NA,1,1,1,3,4,4,3,4,4,2,5,3,NA,NA,NA,1,0,3.5,3.6,0,0,1,0,"Other","WithMemory"
17,2,4,2,6738,6.738,NA,NA,NA,6.6,4,2,1,3,2,2,1,2,2,3,1,1,NA,NA,NA,0,1,2,1.8,0,0,0,1,"Reject","NoMemory"
18,1,1,1,6069,6.069,15.139,NA,NA,NA,1,1,1,2,4,2,2,4,4,2,3,3,5,1,1,1,0,2.5,3.2,1,0,0,0,"Accept","WithMemory"
19,1,3,2,4299,4.299,NA,NA,10.147,NA,1,1,1,4,4,4,4,4,5,4,5,5,NA,NA,NA,0,1,4,4.6,0,0,1,0,"Accept","NoMemory"
20,1,2,2,2232,2.232,NA,67.384,NA,NA,2,2,1,4,4,4,4,4,5,4,4,4,5,1,1,0,1,4,4.2,0,1,0,0,"Accept","NoMemory"
21,2,4,2,7797,7.797,NA,NA,NA,19.076,1,1,2,4,4,3,4,3,4,2,4,3,NA,NA,NA,0,1,3.75,3.2,0,0,0,1,"Reject","NoMemory"
22,1,4,1,5533,5.533,NA,NA,NA,9.3,2,2,1,4,4,4,4,4,4,4,4,4,NA,NA,NA,1,0,4,4,0,0,0,1,"Accept","WithMemory"
23,2,3,2,2998,2.998,NA,NA,56.644,NA,2,1,1,5,5,3,5,4,4,4,4,4,NA,NA,NA,0,1,4.5,4,0,0,1,0,"Reject","NoMemory"
24,2,2,2,8420,8.42,NA,38.875,NA,NA,2,2,1,4,4,4,4,3,4,3,3,4,5,1,1,0,1,4,3.4,0,1,0,0,"Reject","NoMemory"
25,2,2,1,9002,9.002,NA,38.452,NA,NA,1,2,1,4,4,3,4,4,5,2,4,4,5,1,1,1,0,3.75,3.8,0,1,0,0,"Reject","WithMemory"
26,2,4,1,5188,5.188,NA,NA,NA,22.875,2,2,2,5,5,5,5,4,4,4,3,4,NA,NA,NA,1,0,5,3.8,0,0,0,1,"Reject","WithMemory"
27,1,1,2,15072,15.072,32.159,NA,NA,NA,1,2,1,5,5,5,5,5,5,5,5,5,5,1,1,0,1,5,5,1,0,0,0,"Accept","NoMemory"
28,2,4,1,2163,2.163,NA,NA,NA,28.17,2,2,1,4,4,4,4,4,4,4,5,4,NA,NA,NA,1,0,4,4.2,0,0,0,1,"Reject","WithMemory"
29,2,2,2,3665,3.665,NA,20.038,NA,NA,2,2,2,4,3,4,3,5,5,5,5,5,5,1,1,0,1,3.5,5,0,1,0,0,"Reject","NoMemory"
30,1,3,1,4963,4.963,NA,NA,41.193,NA,3,1,2,5,5,5,5,4,5,5,4,5,NA,NA,NA,1,0,5,4.6,0,0,1,0,"Accept","WithMemory"
31,2,4,1,7929,7.929,NA,NA,NA,33.264,1,1,1,3,3,3,3,3,3,3,3,3,NA,NA,NA,1,0,3,3,0,0,0,1,"Reject","WithMemory"
32,1,1,1,5263,5.263,20.123,NA,NA,NA,2,2,1,4,4,4,2,3,5,5,5,5,5,1,1,1,0,3.5,4.6,1,0,0,0,"Accept","WithMemory"
33,1,1,1,6471,6.471,30.621,NA,NA,NA,3,1,1,4,3,3,3,2,4,3,3,3,5,1,1,1,0,3.25,3,1,0,0,0,"Accept","WithMemory"
34,2,2,2,3012,3.012,NA,19.586,NA,NA,4,2,2,5,4,5,4,4,4,4,3,4,5,1,1,0,1,4.5,3.8,0,1,0,0,"Reject","NoMemory"
35,1,1,1,5450,5.45,44.345,NA,NA,NA,2,1,1,3,4,2,4,3,4,4,4,3,5,1,1,1,0,3.25,3.6,1,0,0,0,"Accept","WithMemory"
36,1,1,2,5261,5.261,11.006,NA,NA,NA,2,1,2,2,2,1,3,2,4,4,4,4,5,1,1,0,1,2,3.6,1,0,0,0,"Accept","NoMemory"
37,4,3,2,NA,NA,NA,NA,23.143,NA,2,2,2,5,4,4,4,5,5,5,5,4,NA,NA,NA,0,1,4.25,4.8,0,0,1,0,"Other","NoMemory"
38,1,3,1,4746,4.746,NA,NA,18.557,NA,2,1,1,5,5,5,5,4,5,4,4,3,NA,NA,NA,1,0,5,4,0,0,1,0,"Accept","WithMemory"
39,2,4,2,4133,4.133,NA,NA,NA,160.016,1,2,2,3,4,4,4,4,4,4,4,3,NA,NA,NA,0,1,3.75,3.8,0,0,0,1,"Reject","NoMemory"
40,1,2,1,8221,8.2212,NA,94.719,NA,NA,3,1,1,2,2,2,2,4,4,4,5,4,5,1,1,1,0,2,4.2,0,1,0,0,"Accept","WithMemory"
41,1,1,2,2994,2.994,21,NA,NA,NA,2,2,2,4,3,4,4,4,4,4,5,4,5,1,1,0,1,3.75,4.2,1,0,0,0,"Accept","NoMemory"
42,2,3,1,9958,9.958,NA,NA,18.222,NA,1,2,1,4,4,4,5,3,2,3,2,2,NA,NA,NA,1,0,4.25,2.4,0,0,1,0,"Reject","WithMemory"
43,2,2,2,7389,7.389,NA,15.5,NA,NA,2,4,1,4,5,5,5,2,1,3,2,2,5,1,1,0,1,4.75,2,0,1,0,0,"Reject","NoMemory"
44,3,1,1,18927,18.927,64.946,NA,NA,NA,2,2,2,4,4,4,5,4,5,4,2,1,5,1,1,1,0,4.25,3.2,1,0,0,0,"Manage","WithMemory"
45,1,2,1,3003,3.003,NA,8.662,NA,NA,1,4,1,5,5,2,4,2,1,5,5,5,3,1,1,1,0,4,3.6,0,1,0,0,"Accept","WithMemory"
46,2,4,1,2883,2.883,NA,NA,NA,25.057,3,2,1,1,1,1,1,5,5,5,5,3,NA,NA,NA,1,0,1,4.6,0,0,0,1,"Reject","WithMemory"
47,2,2,1,2340,2.34,NA,31.559,NA,NA,3,1,1,5,4,4,4,4,4,4,4,4,5,1,2,1,0,4.25,4,0,1,0,0,"Reject","WithMemory"
48,3,3,2,20052,20.052,NA,NA,88.253,NA,1,2,1,4,4,4,4,3,4,2,2,3,NA,NA,NA,0,1,4,2.8,0,0,1,0,"Manage","NoMemory"
49,2,4,1,1934,1.934,NA,NA,NA,33.555,3,1,2,4,4,3,2,5,4,5,1,2,NA,NA,NA,1,0,3.25,3.4,0,0,0,1,"Reject","WithMemory"
50,1,1,2,10741,10.741,13.703,NA,NA,NA,1,2,1,4,4,4,4,3,4,4,3,4,5,1,1,0,1,4,3.6,1,0,0,0,"Accept","NoMemory"
51,1,3,2,7829,7.829,NA,NA,90.256,NA,3,1,1,5,5,5,5,5,5,5,1,5,NA,NA,NA,0,1,5,4.2,0,0,1,0,"Accept","NoMemory"
52,1,1,1,5526,5.526,42.82,NA,NA,NA,2,2,1,2,2,2,2,4,3,5,5,2,5,1,2,1,0,2,3.8,1,0,0,0,"Accept","WithMemory"
53,2,2,1,5208,5.208,NA,32.052,NA,NA,3,1,1,5,5,2,4,2,1,5,5,5,5,1,2,1,0,4,3.6,0,1,0,0,"Reject","WithMemory"
54,2,2,1,2341,2.341,NA,14.888,NA,NA,4,1,1,4,4,4,4,4,4,4,4,3,5,1,2,1,0,4,3.8,0,1,0,0,"Reject","WithMemory"
55,2,1,2,4771,4.771,34.261,NA,NA,NA,4,1,1,4,4,4,3,5,5,5,5,5,5,1,2,0,1,3.75,5,1,0,0,0,"Reject","NoMemory"
56,2,3,2,4184,4.184,NA,NA,20.122,NA,2,2,2,4,4,5,5,4,5,5,4,4,NA,NA,NA,0,1,4.5,4.4,0,0,1,0,"Reject","NoMemory"
57,1,4,1,2245,2.245,NA,NA,NA,42.072,3,1,2,4,4,4,4,5,5,5,5,5,NA,NA,NA,1,0,4,5,0,0,0,1,"Accept","WithMemory"
58,1,3,1,2000,2,NA,NA,31.601,NA,3,1,1,4,4,3,4,4,5,5,5,5,NA,NA,NA,1,0,3.75,4.8,0,0,1,0,"Accept","WithMemory"
59,1,4,2,13430,13.43,NA,NA,NA,38.961,3,2,1,3,4,4,4,5,5,5,4,3,NA,NA,NA,0,1,3.75,4.4,0,0,0,1,"Accept","NoMemory"
60,1,2,2,4219,4.219,NA,36.449,NA,NA,3,2,1,5,4,4,5,5,4,4,4,4,5,1,2,0,1,4.5,4.2,0,1,0,0,"Accept","NoMemory"
61,1,3,2,5084,5.084,NA,NA,27.068,NA,3,2,1,4,4,5,5,5,5,5,4,5,NA,NA,NA,0,1,4.5,4.8,0,0,1,0,"Accept","NoMemory"
62,1,1,2,4982,4.982,44.876,NA,NA,NA,1,1,1,5,5,4,4,2,5,5,5,5,5,1,2,0,1,4.5,4.4,1,0,0,0,"Accept","NoMemory"
63,2,4,1,4054,4.054,NA,NA,NA,33.626,2,3,1,4,5,5,4,5,4,5,5,5,NA,NA,NA,1,0,4.5,4.8,0,0,0,1,"Reject","WithMemory"
64,2,4,1,5957,5.957,NA,NA,NA,29.401,2,2,1,5,5,5,5,5,5,5,5,5,NA,NA,NA,1,0,5,5,0,0,0,1,"Reject","WithMemory"
65,3,3,2,19939,19.939,NA,NA,41.139,NA,3,2,1,2,2,2,2,2,4,4,4,3,NA,NA,NA,0,1,2,3.4,0,0,1,0,"Manage","NoMemory"
66,2,1,2,12425,12.425,27.268,NA,NA,NA,2,2,1,4,4,4,4,4,4,4,4,4,5,1,2,0,1,4,4,1,0,0,0,"Reject","NoMemory"
67,1,4,1,2221,2.221,NA,NA,NA,36.389,3,1,1,5,5,5,5,5,5,5,5,5,NA,NA,NA,1,0,5,5,0,0,0,1,"Accept","WithMemory"
68,2,2,2,4226,4.226,NA,16.427,NA,NA,3,2,1,4,4,4,4,2,4,2,2,4,5,1,2,0,1,4,2.8,0,1,0,0,"Reject","NoMemory"
69,2,2,2,5529,5.529,NA,46.845,NA,NA,2,3,1,4,1,3,3,2,4,4,2,2,4,2,1,0,1,2.75,2.8,0,1,0,0,"Reject","NoMemory"
70,2,4,2,2054,2.054,NA,NA,NA,15.665,2,2,1,5,5,5,5,1,5,5,5,5,NA,NA,NA,0,1,5,4.2,0,0,0,1,"Reject","NoMemory"
71,1,2,1,3991,3.991,NA,31.665,NA,NA,1,2,1,2,3,2,3,4,4,3,4,4,5,1,1,1,0,2.5,3.8,0,1,0,0,"Accept","WithMemory"
72,2,2,2,5607,5.607,NA,10.652,NA,NA,2,2,1,2,3,2,4,3,4,2,4,4,4,1,1,0,1,2.75,3.4,0,1,0,0,"Reject","NoMemory"
73,1,1,1,5865,5.865,NA,NA,NA,NA,1,1,1,4,4,4,5,4,5,5,5,4,4,1,1,1,0,4.25,4.6,1,0,0,0,"Accept","WithMemory"
74,1,3,2,2609,2.609,NA,NA,21.355,NA,2,2,1,4,3,3,3,3,4,4,3,4,NA,NA,NA,0,1,3.25,3.6,0,0,1,0,"Accept","NoMemory"
75,1,3,1,1534,1.534,NA,NA,6.606,NA,1,1,1,1,5,1,3,4,4,4,4,4,NA,NA,NA,1,0,2.5,4,0,0,1,0,"Accept","WithMemory"
76,2,3,2,12252,12.252,NA,NA,5282.002,NA,3,1,1,2,2,3,2,2,2,2,2,2,NA,NA,NA,0,1,2.25,2,0,0,1,0,"Reject","NoMemory"
77,2,4,1,1927,1.927,NA,NA,NA,16.66,3,2,2,4,4,5,4,4,4,5,4,5,NA,NA,NA,1,0,4.25,4.4,0,0,0,1,"Reject","WithMemory"
78,2,2,1,4990,4.99,NA,29.337,NA,NA,2,1,2,4,5,3,5,4,5,5,5,5,5,1,1,1,0,4.25,4.8,0,1,0,0,"Reject","WithMemory"
79,1,1,1,3123,3.123,52.387,NA,NA,NA,2,4,2,4,4,4,5,4,5,4,4,5,4,1,1,1,0,4.25,4.4,1,0,0,0,"Accept","WithMemory"
80,1,1,1,6097,6.097,21.189,NA,NA,NA,2,2,2,4,5,5,5,4,5,4,5,4,3,1,1,1,0,4.75,4.4,1,0,0,0,"Accept","WithMemory"
81,2,4,1,8195,8.195,NA,NA,NA,15.701,1,2,1,4,4,3,3,4,4,5,4,5,NA,NA,NA,1,0,3.5,4.4,0,0,0,1,"Reject","WithMemory"
82,2,4,1,1613,1.613,NA,NA,NA,61.082,2,1,1,2,3,3,2,5,5,5,5,5,NA,NA,NA,1,0,2.5,5,0,0,0,1,"Reject","WithMemory"
83,1,1,1,4503,4.503,57.123,NA,NA,NA,3,2,1,4,4,4,4,4,4,4,4,4,5,1,2,1,0,4,4,1,0,0,0,"Accept","WithMemory"
84,2,3,2,6109,6.109,NA,NA,46.454,NA,2,1,1,5,4,4,5,4,5,4,4,4,NA,NA,NA,0,1,4.5,4.2,0,0,1,0,"Reject","NoMemory"
85,1,2,2,4477,4.477,NA,44.371,NA,NA,2,NA,1,2,2,3,2,3,4,3,4,4,4,1,1,0,1,2.25,3.6,0,1,0,0,"Accept","NoMemory"
86,1,1,2,7552,7.552,62.58,NA,NA,NA,2,2,1,4,4,3,4,3,3,3,4,3,4,1,1,0,1,3.75,3.2,1,0,0,0,"Accept","NoMemory"
87,1,4,1,2932,2.932,NA,NA,NA,6.282,3,1,2,4,4,4,5,4,5,4,5,4,NA,NA,NA,1,0,4.25,4.4,0,0,0,1,"Accept","WithMemory"
88,1,1,1,5148,5.148,29.469,NA,NA,NA,1,2,1,4,4,4,5,4,5,4,4,5,5,1,2,1,0,4.25,4.4,1,0,0,0,"Accept","WithMemory"
89,1,3,1,4347,4.347,NA,NA,32.733,NA,1,2,1,3,4,5,4,2,4,4,3,4,NA,NA,NA,1,0,4,3.4,0,0,1,0,"Accept","WithMemory"
90,2,4,2,2527,2.527,NA,NA,NA,44.646,1,1,1,5,5,5,5,4,5,5,4,5,NA,NA,NA,0,1,5,4.6,0,0,0,1,"Reject","NoMemory"
91,2,4,2,9205,9.205,NA,NA,NA,64.321,1,1,1,4,4,3,4,2,3,3,4,4,NA,NA,NA,0,1,3.75,3.2,0,0,0,1,"Reject","NoMemory"
92,2,2,1,6491,6.491,NA,53.801,NA,NA,2,2,2,5,5,3,5,2,5,5,2,5,5,1,2,1,0,4.5,3.8,0,1,0,0,"Reject","WithMemory"
93,1,1,1,3580,3.58,25.468,NA,NA,NA,2,1,2,2,5,5,5,1,5,5,5,5,5,1,1,1,0,4.25,4.2,1,0,0,0,"Accept","WithMemory"
94,3,4,1,12912,12.912,NA,NA,NA,29.833,1,1,2,4,4,4,4,3,4,5,4,5,NA,NA,NA,1,0,4,4.2,0,0,0,1,"Manage","WithMemory"
95,2,3,1,3868,3.868,NA,NA,26.571,NA,1,1,1,2,3,4,3,2,3,5,4,4,NA,NA,NA,1,0,3,3.6,0,0,1,0,"Reject","WithMemory"
96,2,2,1,3087,3.087,NA,24.939,NA,NA,1,2,1,4,4,4,5,5,5,5,3,2,5,1,1,1,0,4.25,4,0,1,0,0,"Reject","WithMemory"
97,2,4,2,9972,9.972,NA,NA,NA,18.189,2,1,1,1,1,1,1,1,1,1,1,1,NA,NA,NA,0,1,1,1,0,0,0,1,"Reject","NoMemory"
98,1,1,2,1852,1.852,7.972,NA,NA,NA,5,1,1,1,1,1,1,3,3,3,3,3,5,1,1,0,1,1,3,1,0,0,0,"Accept","NoMemory"
99,2,3,1,3080,3.08,NA,NA,9.961,NA,1,1,1,5,5,5,5,5,4,4,2,4,NA,NA,NA,1,0,5,3.8,0,0,1,0,"Reject","WithMemory"
100,1,1,1,9353,9.3534,22.904,NA,NA,NA,3,2,1,2,2,2,2,4,4,4,3,3,5,1,1,1,0,2,3.6,1,0,0,0,"Accept","WithMemory"
101,3,2,1,28798,28.798,NA,37.315,NA,NA,4,1,1,5,5,5,5,5,5,5,5,5,5,1,1,1,0,5,5,0,1,0,0,"Manage","WithMemory"
102,2,4,1,10506,10.506,NA,NA,NA,15.371,2,1,1,5,5,5,5,5,5,5,5,5,NA,NA,NA,1,0,5,5,0,0,0,1,"Reject","WithMemory"
103,2,4,1,6624,6.624,NA,NA,NA,7.852,2,1,1,5,5,5,5,4,4,5,4,4,NA,NA,NA,1,0,5,4.2,0,0,0,1,"Reject","WithMemory"
104,1,3,1,4255,4.255,NA,NA,9.463,NA,2,2,2,1,1,1,1,3,3,2,3,2,NA,NA,NA,1,0,1,2.6,0,0,1,0,"Accept","WithMemory"
105,1,1,1,7699,7.699,13.111,NA,NA,NA,2,2,1,3,3,3,4,3,3,2,3,2,5,1,1,1,0,3.25,2.6,1,0,0,0,"Accept","WithMemory"
106,2,2,1,3595,3.595,NA,27.626,NA,NA,1,1,1,5,5,5,5,4,5,5,4,5,5,1,2,1,0,5,4.6,0,1,0,0,"Reject","WithMemory"
107,2,3,1,5819,5.819,NA,NA,11.462,NA,1,2,1,5,5,5,5,5,5,5,1,5,NA,NA,NA,1,0,5,4.2,0,0,1,0,"Reject","WithMemory"
108,2,4,2,8025,8.025,NA,NA,NA,58.741,3,1,2,5,5,5,5,4,5,5,5,1,NA,NA,NA,0,1,5,4,0,0,0,1,"Reject","NoMemory"
109,1,1,1,2716,2.716,48.472,NA,NA,NA,2,2,2,3,3,3,3,2,3,2,5,4,5,1,1,1,0,3,3.2,1,0,0,0,"Accept","WithMemory"
110,2,4,1,3022,3.022,NA,NA,NA,25.77,2,2,2,5,5,5,5,5,5,5,4,5,NA,NA,NA,1,0,5,4.8,0,0,0,1,"Reject","WithMemory"
111,4,2,2,NA,NA,NA,17.954,NA,NA,2,2,1,4,4,4,4,4,4,4,4,4,5,1,2,0,1,4,4,0,1,0,0,"Other","NoMemory"
112,1,1,1,17492,17.492,25.845,NA,NA,NA,3,2,2,4,4,4,4,3,4,4,4,4,5,1,1,1,0,4,3.8,1,0,0,0,"Accept","WithMemory"
113,2,3,1,9596,9.596,NA,NA,23.89,NA,1,3,1,4,4,4,4,3,4,4,4,4,NA,NA,NA,1,0,4,3.8,0,0,1,0,"Reject","WithMemory"
114,2,2,2,2286,2.286,NA,19.684,NA,NA,3,1,3,3,3,4,5,4,4,4,4,5,3,1,1,0,1,3.75,4.2,0,1,0,0,"Reject","NoMemory"
115,2,3,2,5792,5.792,NA,NA,11.609,NA,1,2,1,5,5,5,5,5,5,5,5,5,NA,NA,NA,0,1,5,5,0,0,1,0,"Reject","NoMemory"
116,2,3,2,9353,9.353,NA,NA,56.725,NA,1,2,1,4,4,3,4,2,4,4,4,2,NA,NA,NA,0,1,3.75,3.2,0,0,1,0,"Reject","NoMemory"
117,1,1,1,3427,3.427,59.296,NA,NA,NA,1,1,1,4,5,5,5,4,5,4,5,5,5,1,2,1,0,4.75,4.6,1,0,0,0,"Accept","WithMemory"
118,1,1,1,3139,3.139,30.21,NA,NA,NA,1,2,1,2,2,3,2,2,5,4,2,4,5,1,2,1,0,2.25,3.4,1,0,0,0,"Accept","WithMemory"
119,1,2,1,2422,2.422,NA,17.863,NA,NA,1,2,1,5,5,5,5,3,5,5,5,5,5,1,1,1,0,5,4.6,0,1,0,0,"Accept","WithMemory"
120,2,4,2,4354,4.354,NA,NA,NA,15.717,1,NA,1,4,4,4,5,4,4,4,3,3,NA,NA,NA,0,1,4.25,3.6,0,0,0,1,"Reject","NoMemory"
121,2,1,1,3355,3.355,84.913,NA,NA,NA,1,2,1,5,5,5,5,4,4,5,4,3,5,1,1,1,0,5,4,1,0,0,0,"Reject","WithMemory"
122,3,4,1,13924,13.924,NA,NA,NA,24.846,2,1,1,5,4,4,4,3,5,5,5,5,NA,NA,NA,1,0,4.25,4.6,0,0,0,1,"Manage","WithMemory"
123,1,1,1,4435,4.435,11.816,NA,NA,NA,1,1,1,4,4,4,4,4,4,4,4,4,5,1,1,1,0,4,4,1,0,0,0,"Accept","WithMemory"
124,4,2,2,NA,NA,NA,8.471,NA,NA,1,2,1,3,4,3,4,4,5,5,4,4,5,1,2,0,1,3.5,4.4,0,1,0,0,"Other","NoMemory"
125,2,4,1,2656,2.656,NA,NA,NA,46.33,1,2,1,4,3,4,4,3,4,4,3,3,NA,NA,NA,1,0,3.75,3.4,0,0,0,1,"Reject","WithMemory"
126,1,2,2,3998,3.9984,NA,22.733,NA,NA,3,1,1,2,1,2,2,5,5,5,5,5,5,1,1,0,1,1.75,5,0,1,0,0,"Accept","NoMemory"
127,2,3,2,11366,11.366,NA,NA,19.651,NA,2,1,1,5,5,5,5,3,3,3,2,3,NA,NA,NA,0,1,5,2.8,0,0,1,0,"Reject","NoMemory"
128,4,1,1,NA,NA,8.724,NA,NA,NA,1,1,1,3,3,4,3,3,3,2,3,2,5,1,2,1,0,3.25,2.6,1,0,0,0,"Other","WithMemory"
129,2,3,2,4540,4.54,NA,NA,24.825,NA,3,1,1,5,5,5,5,2,4,3,4,4,NA,NA,NA,0,1,5,3.4,0,0,1,0,"Reject","NoMemory"
130,2,4,1,9142,9.142,NA,NA,NA,15.573,3,1,2,5,5,5,4,4,4,4,4,3,NA,NA,NA,1,0,4.75,3.8,0,0,0,1,"Reject","WithMemory"
131,2,2,2,4066,4.066,NA,9.857,NA,NA,2,1,1,4,4,4,4,3,3,3,3,3,5,1,2,0,1,4,3,0,1,0,0,"Reject","NoMemory"
132,1,1,1,2932,2.932,24.482,NA,NA,NA,2,2,1,4,4,4,4,3,3,3,4,4,5,1,2,1,0,4,3.4,1,0,0,0,"Accept","WithMemory"
133,2,4,2,4776,4.776,NA,NA,NA,12.843,2,2,1,5,5,5,5,3,5,5,5,5,NA,NA,NA,0,1,5,4.6,0,0,0,1,"Reject","NoMemory"
134,2,3,2,2312,2.312,NA,NA,63.782,NA,2,2,1,4,4,4,4,4,4,4,4,4,NA,NA,NA,0,1,4,4,0,0,1,0,"Reject","NoMemory"
135,2,2,2,5712,5.712,NA,112.33,NA,NA,2,1,1,4,4,3,2,5,5,5,5,5,5,1,1,0,1,3.25,5,0,1,0,0,"Reject","NoMemory"
136,2,3,2,4952,4.952,NA,NA,21.233,NA,3,1,1,5,5,5,5,2,4,3,4,4,NA,NA,NA,0,1,5,3.4,0,0,1,0,"Reject","NoMemory"
137,1,1,1,5989,5.989,43.3,NA,NA,NA,2,2,1,4,4,4,4,4,4,4,5,5,5,1,1,1,0,4,4.4,1,0,0,0,"Accept","WithMemory"
138,1,4,1,4101,4.101,NA,NA,NA,36.385,2,1,1,4,4,4,4,4,4,4,5,5,NA,NA,NA,1,0,4,4.4,0,0,0,1,"Accept","WithMemory"
139,1,2,1,4866,4.866,NA,16.259,NA,NA,2,1,1,4,4,4,4,4,4,4,4,4,5,1,2,1,0,4,4,0,1,0,0,"Accept","WithMemory"
140,3,4,2,5977,5.977,NA,NA,NA,11.634,2,2,1,4,4,4,4,2,2,2,3,4,NA,NA,NA,0,1,4,2.6,0,0,0,1,"Manage","NoMemory"
141,2,2,1,2544,2.544,NA,22.374,NA,NA,2,2,1,4,4,4,4,4,5,5,5,4,5,1,1,1,0,4,4.6,0,1,0,0,"Reject","WithMemory"
142,2,2,1,3868,3.868,NA,10.092,NA,NA,3,1,1,5,5,5,4,5,4,4,4,4,4,1,1,1,0,4.75,4.2,0,1,0,0,"Reject","WithMemory"
143,4,2,1,NA,NA,NA,45.173,NA,NA,2,1,1,4,4,4,4,2,4,4,3,4,5,1,1,1,0,4,3.4,0,1,0,0,"Other","WithMemory"
144,1,1,2,6575,6.575,18.701,NA,NA,NA,1,2,1,5,5,4,5,4,4,4,4,4,5,1,2,0,1,4.75,4,1,0,0,0,"Accept","NoMemory"
145,2,3,1,7828,7.828,NA,NA,54.278,NA,2,2,1,2,2,2,2,1,2,1,2,2,NA,NA,NA,1,0,2,1.6,0,0,1,0,"Reject","WithMemory"
146,2,2,1,5377,5.377,NA,61.889,NA,NA,2,1,2,5,5,4,5,5,4,4,4,2,5,1,2,1,0,4.75,3.8,0,1,0,0,"Reject","WithMemory"
147,2,3,2,3273,3.273,NA,NA,32.225,NA,2,2,2,4,4,2,4,5,5,5,4,1,NA,NA,NA,0,1,3.5,4,0,0,1,0,"Reject","NoMemory"
148,2,4,2,5524,5.524,NA,NA,NA,14.366,3,2,1,5,5,5,5,4,5,5,2,5,NA,NA,NA,0,1,5,4.2,0,0,0,1,"Reject","NoMemory"
149,2,2,1,2665,2.665,NA,29.556,NA,NA,3,2,1,5,5,5,5,5,5,5,3,5,5,1,2,1,0,5,4.6,0,1,0,0,"Reject","WithMemory"
150,1,2,1,2500,2.5,NA,11.319,NA,NA,1,2,2,4,4,4,3,5,3,3,5,5,4,1,1,1,0,3.75,4.2,0,1,0,0,"Accept","WithMemory"
151,1,2,2,2677,2.677,NA,28.892,NA,NA,2,1,1,3,3,3,3,2,4,4,5,4,5,1,1,0,1,3,3.8,0,1,0,0,"Accept","NoMemory"
152,2,3,1,3499,3.499,NA,NA,26.291,NA,2,2,1,5,5,5,5,3,4,4,3,4,NA,NA,NA,1,0,5,3.6,0,0,1,0,"Reject","WithMemory"
153,1,1,1,5289,5.289,9.292,NA,NA,NA,2,2,2,4,4,3,4,3,4,5,5,4,5,1,1,1,0,3.75,4.2,1,0,0,0,"Accept","WithMemory"
154,2,2,2,4960,4.96,NA,10.2,NA,NA,4,2,1,5,5,5,5,5,5,5,5,5,5,1,1,0,1,5,5,0,1,0,0,"Reject","NoMemory"
155,2,2,1,11577,11.577,NA,18.7,NA,NA,3,1,1,4,4,4,5,3,4,4,4,3,5,1,1,1,0,4.25,3.6,0,1,0,0,"Reject","WithMemory"
156,2,4,1,1932,1.932,NA,NA,NA,18.226,1,1,2,5,5,5,5,4,5,5,4,2,NA,NA,NA,1,0,5,4,0,0,0,1,"Reject","WithMemory"
157,3,2,2,19956,19.956,NA,28.236,NA,NA,2,1,1,5,5,5,5,1,1,2,3,2,5,1,1,0,1,5,1.8,0,1,0,0,"Manage","NoMemory"
158,4,1,1,NA,NA,8.155,NA,NA,NA,2,1,1,3,2,3,3,3,3,3,2,3,5,1,1,1,0,2.75,2.8,1,0,0,0,"Other","WithMemory"
159,1,3,2,2586,2.586,NA,NA,10.189,NA,2,2,1,1,1,1,1,2,2,2,3,3,NA,NA,NA,0,1,1,2.4,0,0,1,0,"Accept","NoMemory"
160,1,4,1,3682,3.682,NA,NA,NA,11.252,1,2,1,2,2,2,2,4,4,4,4,4,NA,NA,NA,1,0,2,4,0,0,0,1,"Accept","WithMemory"
161,2,4,2,2543,2.543,NA,NA,NA,6.309,1,2,1,5,5,5,5,1,1,1,3,2,NA,NA,NA,0,1,5,1.6,0,0,0,1,"Reject","NoMemory"
162,4,1,1,NA,NA,8.509,NA,NA,NA,2,2,1,1,1,1,1,3,3,3,3,3,5,1,1,1,0,1,3,1,0,0,0,"Other","WithMemory"
163,1,3,1,3526,3.526,NA,NA,38.697,NA,1,2,1,4,4,4,4,3,4,4,4,4,NA,NA,NA,1,0,4,3.8,0,0,1,0,"Accept","WithMemory"
164,2,1,2,6748,6.748,22.187,NA,NA,NA,1,2,1,5,5,5,5,5,5,5,5,5,4,1,1,0,1,5,5,1,0,0,0,"Reject","NoMemory"
165,2,1,1,5785,5.785,12.221,NA,NA,NA,1,1,1,5,5,4,4,4,5,5,4,2,5,1,2,1,0,4.5,4,1,0,0,0,"Reject","WithMemory"
166,1,3,1,4388,4.388,NA,NA,64.16,NA,1,2,1,5,5,4,5,4,4,4,5,4,NA,NA,NA,1,0,4.75,4.2,0,0,1,0,"Accept","WithMemory"
167,2,4,2,6680,6.68,NA,NA,NA,71.823,3,1,1,4,4,4,4,2,3,4,4,4,NA,NA,NA,0,1,4,3.4,0,0,0,1,"Reject","NoMemory"
168,1,3,2,3607,3.607,NA,NA,27.511,NA,1,2,1,4,4,4,4,4,3,2,4,3,NA,NA,NA,0,1,4,3.2,0,0,1,0,"Accept","NoMemory"
169,1,4,1,9527,9.527,NA,NA,NA,21.315,2,1,1,3,3,3,2,3,3,3,4,4,NA,NA,NA,1,0,2.75,3.4,0,0,0,1,"Accept","WithMemory"
170,1,1,2,5602,5.602,15.751,NA,NA,NA,2,1,1,3,2,2,2,2,2,3,4,4,5,1,1,0,1,2.25,3,1,0,0,0,"Accept","NoMemory"
171,1,2,1,4432,4.432,NA,24.3,NA,NA,1,1,1,5,5,5,5,5,5,5,3,5,3,2,1,1,0,5,4.6,0,1,0,0,"Accept","WithMemory"
172,1,2,1,1686,1.686,NA,7.983,NA,NA,1,2,1,5,4,4,5,4,4,4,5,4,3,1,1,1,0,4.5,4.2,0,1,0,0,"Accept","WithMemory"
173,1,3,1,10347,10.347,NA,NA,14.27,NA,3,2,1,5,5,5,5,3,5,5,5,5,NA,NA,NA,1,0,5,4.6,0,0,1,0,"Accept","WithMemory"
174,2,2,1,7380,7.38,NA,34.651,NA,NA,2,2,1,5,5,5,5,2,2,2,2,2,5,1,1,1,0,5,2,0,1,0,0,"Reject","WithMemory"
175,1,3,1,5341,5.341,NA,NA,110.814,NA,3,1,2,2,2,4,2,2,4,4,5,5,NA,NA,NA,1,0,2.5,4,0,0,1,0,"Accept","WithMemory"
176,2,2,1,3724,3.724,NA,10.18,NA,NA,1,2,1,4,4,4,4,4,5,5,4,3,5,1,2,1,0,4,4.2,0,1,0,0,"Reject","WithMemory"
177,2,2,1,2730,2.73,NA,21.101,NA,NA,2,2,1,2,2,3,3,2,4,3,4,3,5,1,1,1,0,2.5,3.2,0,1,0,0,"Reject","WithMemory"
178,2,4,2,8882,8.882,NA,NA,NA,14.202,2,2,1,5,5,5,5,5,5,5,5,5,NA,NA,NA,0,1,5,5,0,0,0,1,"Reject","NoMemory"
179,2,1,2,9004,9.004,18.877,NA,NA,NA,3,1,1,4,4,4,4,4,4,4,5,4,4,1,2,0,1,4,4.2,1,0,0,0,"Reject","NoMemory"
180,2,4,1,5014,5.014,NA,NA,NA,29.186,3,2,1,5,5,5,5,2,2,2,2,3,NA,NA,NA,1,0,5,2.2,0,0,0,1,"Reject","WithMemory"
181,1,3,1,6661,6.661,NA,NA,34.441,NA,1,2,1,4,4,4,4,4,4,4,4,4,NA,NA,NA,1,0,4,4,0,0,1,0,"Accept","WithMemory"
182,3,1,2,14817,14.817,44.322,NA,NA,NA,3,1,1,5,5,5,5,4,5,5,5,5,5,1,2,0,1,5,4.8,1,0,0,0,"Manage","NoMemory"
183,2,4,1,2039,2.039,NA,NA,NA,35.125,3,2,1,5,5,5,5,3,4,4,2,4,NA,NA,NA,1,0,5,3.4,0,0,0,1,"Reject","WithMemory"
184,1,1,1,2920,2.92,15.983,NA,NA,NA,3,2,1,5,5,5,5,4,4,4,2,4,5,1,2,1,0,5,3.6,1,0,0,0,"Accept","WithMemory"
185,1,3,1,3416,3.416,NA,NA,32.201,NA,3,2,1,4,5,4,5,2,4,3,3,4,NA,NA,NA,1,0,4.5,3.2,0,0,1,0,"Accept","WithMemory"
186,1,3,2,1755,1.755,NA,NA,14.081,NA,3,1,1,4,4,4,4,4,4,5,4,4,NA,NA,NA,0,1,4,4.2,0,0,1,0,"Accept","NoMemory"
187,4,4,2,NA,NA,NA,NA,NA,NA,2,1,2,5,5,5,5,5,5,5,5,5,NA,NA,NA,0,1,5,5,0,0,0,1,"Other","NoMemory"
188,1,2,2,1536,1.536,NA,11.792,NA,NA,3,2,1,4,4,4,3,3,3,4,4,4,4,1,2,0,1,3.75,3.6,0,1,0,0,"Accept","NoMemory"
189,1,2,1,5329,5.329,NA,14.378,NA,NA,2,1,1,3,3,2,3,4,4,4,4,4,5,1,1,1,0,2.75,4,0,1,0,0,"Accept","WithMemory"
190,2,1,2,5533,5.533,7.692,NA,NA,NA,2,2,1,4,3,4,4,4,4,4,4,5,5,1,1,0,1,3.75,4.2,1,0,0,0,"Reject","NoMemory"
191,2,4,1,7080,7.08,NA,NA,NA,6.446,3,2,2,4,3,3,3,3,3,3,3,4,NA,NA,NA,1,0,3.25,3.2,0,0,0,1,"Reject","WithMemory"
192,1,2,1,1642,1.642,NA,5.771,NA,NA,3,2,1,4,4,4,4,4,4,4,4,4,5,1,1,1,0,4,4,0,1,0,0,"Accept","WithMemory"
193,2,3,2,3287,3.287,NA,NA,10.102,NA,3,1,1,5,5,5,5,1,1,1,1,1,NA,NA,NA,0,1,5,1,0,0,1,0,"Reject","NoMemory"
194,4,1,2,NA,NA,6.029,NA,NA,NA,1,2,1,1,1,1,1,5,5,5,3,4,5,1,1,0,1,1,4.4,1,0,0,0,"Other","NoMemory"
195,3,2,2,6435,6.435,NA,14.702,NA,NA,3,1,1,4,4,3,3,4,4,3,4,4,5,1,1,0,1,3.5,3.8,0,1,0,0,"Manage","NoMemory"
196,1,1,1,3255,3.255,7.794,NA,NA,NA,3,2,1,4,4,4,4,4,4,4,4,3,5,1,1,1,0,4,3.8,1,0,0,0,"Accept","WithMemory"
197,4,3,1,NA,NA,NA,NA,5.044,NA,1,2,1,3,3,3,3,4,4,4,4,5,NA,NA,NA,1,0,3,4.2,0,0,1,0,"Other","WithMemory"
198,2,4,2,7818,7.818,NA,NA,NA,12.229,2,2,1,2,2,2,2,2,2,2,2,2,NA,NA,NA,0,1,2,2,0,0,0,1,"Reject","NoMemory"
199,2,2,2,3443,3.443,NA,9.148,NA,NA,2,1,1,4,4,4,4,1,1,1,1,3,5,1,2,0,1,4,1.4,0,1,0,0,"Reject","NoMemory"
200,2,4,1,2446,2.446,NA,NA,NA,6.682,1,2,1,5,5,5,5,4,4,4,4,4,NA,NA,NA,1,0,5,4,0,0,0,1,"Reject","WithMemory"
201,4,3,1,NA,NA,NA,NA,4.203,NA,2,1,1,3,3,3,4,3,3,3,4,3,NA,NA,NA,1,0,3.25,3.2,0,0,1,0,"Other","WithMemory"
202,2,1,2,9255,9.255,19.785,NA,NA,NA,2,1,2,3,3,3,4,1,1,1,1,2,5,1,1,0,1,3.25,1.2,1,0,0,0,"Reject","NoMemory"
203,2,4,2,7856,7.856,NA,NA,NA,20.415,1,2,1,2,3,2,2,2,3,2,4,2,NA,NA,NA,0,1,2.25,2.6,0,0,0,1,"Reject","NoMemory"
204,2,1,2,2657,2.657,13.074,NA,NA,NA,1,1,2,4,4,4,5,4,4,4,4,2,5,1,1,0,1,4.25,3.6,1,0,0,0,"Reject","NoMemory"
205,2,3,1,4926,4.926,NA,NA,16.966,NA,1,2,1,2,2,2,2,2,2,4,4,2,NA,NA,NA,1,0,2,2.8,0,0,1,0,"Reject","WithMemory"
206,2,2,2,3391,3.391,NA,20.402,NA,NA,2,2,2,4,4,4,4,4,4,4,5,3,5,1,1,0,1,4,4,0,1,0,0,"Reject","NoMemory"
207,2,2,1,11653,11.653,NA,27.148,NA,NA,2,2,2,5,4,2,4,4,5,2,4,2,5,1,2,1,0,3.75,3.4,0,1,0,0,"Reject","WithMemory"
208,1,3,2,3577,3.577,NA,NA,11.401,NA,2,2,1,4,4,4,4,4,5,5,5,3,NA,NA,NA,0,1,4,4.4,0,0,1,0,"Accept","NoMemory"
209,1,1,1,5191,5.191,30.7,NA,NA,NA,2,1,1,4,5,4,5,4,5,3,5,5,5,1,2,1,0,4.5,4.4,1,0,0,0,"Accept","WithMemory"
210,2,2,2,9871,9.871,NA,11.45,NA,NA,2,1,1,4,4,4,4,4,4,4,4,4,5,1,2,0,1,4,4,0,1,0,0,"Reject","NoMemory"
211,1,1,2,1700,1.7,12.088,NA,NA,NA,1,2,1,4,4,4,4,4,4,4,4,4,5,1,1,0,1,4,4,1,0,0,0,"Accept","NoMemory"
212,2,4,1,3690,3.69,NA,NA,NA,11.174,3,2,2,5,4,4,4,4,4,5,5,4,NA,NA,NA,1,0,4.25,4.4,0,0,0,1,"Reject","WithMemory"
213,1,3,1,5096,5.096,NA,NA,4.392,NA,2,2,2,4,4,4,5,5,5,5,4,4,NA,NA,NA,1,0,4.25,4.6,0,0,1,0,"Accept","WithMemory"
214,1,1,1,3373,3.373,5.498,NA,NA,NA,2,1,2,5,5,5,4,4,5,5,4,4,5,1,2,1,0,4.75,4.4,1,0,0,0,"Accept","WithMemory"
215,2,2,2,1941,1.941,NA,4.559,NA,NA,4,1,2,5,5,4,4,5,5,5,4,4,5,1,2,0,1,4.5,4.6,0,1,0,0,"Reject","NoMemory"
216,2,4,1,1843,1.843,NA,NA,NA,12.8,2,2,1,4,4,4,4,4,4,4,3,4,NA,NA,NA,1,0,4,3.8,0,0,0,1,"Reject","WithMemory"
217,2,2,2,7727,7.727,NA,8.477,NA,NA,2,2,1,1,1,1,1,2,2,1,1,1,5,1,1,0,1,1,1.4,0,1,0,0,"Reject","NoMemory"
218,2,3,2,3509,3.509,NA,NA,28.446,NA,1,2,1,5,5,5,5,5,5,5,5,5,NA,NA,NA,0,1,5,5,0,0,1,0,"Reject","NoMemory"
219,2,2,2,9815,9.815,NA,12,NA,NA,NA,3,2,3,3,3,3,3,3,3,3,3,5,1,2,0,1,3,3,0,1,0,0,"Reject","NoMemory"
220,2,3,2,4173,4.173,NA,NA,21.871,NA,1,2,1,5,5,4,5,3,5,5,3,5,NA,NA,NA,0,1,4.75,4.2,0,0,1,0,"Reject","NoMemory"
221,2,4,2,7926,7.926,NA,NA,NA,9.645,1,2,1,1,1,3,1,4,1,4,1,1,NA,NA,NA,0,1,1.5,2.2,0,0,0,1,"Reject","NoMemory"
222,4,3,2,NA,NA,NA,NA,7.445,NA,1,2,1,4,3,5,3,4,5,5,5,2,NA,NA,NA,0,1,3.75,4.2,0,0,1,0,"Other","NoMemory"
223,2,4,1,4590,4.59,NA,NA,NA,20.242,1,1,1,4,4,4,4,2,4,3,3,4,NA,NA,NA,1,0,4,3.2,0,0,0,1,"Reject","WithMemory"
224,1,3,2,43614,43.614,NA,NA,116.992,NA,1,2,1,4,4,5,4,4,3,4,5,3,NA,NA,NA,0,1,4.25,3.8,0,0,1,0,"Accept","NoMemory"
225,4,3,1,NA,NA,NA,NA,7.602,NA,1,1,2,4,4,3,4,4,5,3,5,3,NA,NA,NA,1,0,3.75,4,0,0,1,0,"Other","WithMemory"
226,2,4,2,4973,4.973,NA,NA,NA,12.602,1,2,1,3,1,2,3,1,1,1,1,1,NA,NA,NA,0,1,2.25,1,0,0,0,1,"Reject","NoMemory"
227,2,2,2,4665,4.665,NA,23.063,NA,NA,2,2,1,5,5,5,5,4,4,4,4,5,5,1,2,0,1,5,4.2,0,1,0,0,"Reject","NoMemory"
228,1,3,2,3176,3.176,NA,NA,9.282,NA,1,1,1,4,4,3,3,4,4,4,4,4,NA,NA,NA,0,1,3.5,4,0,0,1,0,"Accept","NoMemory"
229,1,1,1,4870,4.87,45.86,NA,NA,NA,3,1,1,5,5,5,5,5,5,5,5,5,5,1,1,1,0,5,5,1,0,0,0,"Accept","WithMemory"
230,2,4,2,7254,7.254,NA,NA,NA,22.923,2,2,1,5,4,4,2,4,4,4,4,4,NA,NA,NA,0,1,3.75,4,0,0,0,1,"Reject","NoMemory"
231,1,1,1,3231,3.231,32.8,NA,NA,NA,3,2,1,4,4,4,4,4,4,4,4,5,5,1,2,1,0,4,4.2,1,0,0,0,"Accept","WithMemory"
232,2,2,2,10906,10.906,NA,26.801,NA,NA,1,1,1,5,5,5,5,2,4,4,2,4,5,1,1,0,1,5,3.2,0,1,0,0,"Reject","NoMemory"
233,2,4,2,5037,5.037,NA,NA,NA,11.095,1,2,1,2,4,4,4,2,4,4,3,4,NA,NA,NA,0,1,3.5,3.4,0,0,0,1,"Reject","NoMemory"
234,1,4,2,5061,5.061,NA,NA,NA,23.846,3,1,1,5,5,5,5,4,4,5,4,4,NA,NA,NA,0,1,5,4.2,0,0,0,1,"Accept","NoMemory"
235,1,3,1,4207,4.207,NA,NA,13.06,NA,5,1,1,5,5,5,5,5,5,5,5,5,NA,NA,NA,1,0,5,5,0,0,1,0,"Accept","WithMemory"
236,2,1,2,8452,8.452,14.224,NA,NA,NA,3,2,1,5,4,5,5,5,5,5,5,5,5,1,2,0,1,4.75,5,1,0,0,0,"Reject","NoMemory"
237,1,1,1,5574,5.574,18.229,NA,NA,NA,4,2,1,3,3,4,4,5,4,5,1,5,5,1,2,1,0,3.5,4,1,0,0,0,"Accept","WithMemory"
238,2,4,2,9894,9.894,NA,NA,NA,31.384,3,1,1,4,5,5,5,2,1,4,4,2,NA,NA,NA,0,1,4.75,2.6,0,0,0,1,"Reject","NoMemory"
239,2,2,1,1803,1.803,NA,13.961,NA,NA,1,2,1,5,5,5,5,5,5,5,5,5,5,1,1,1,0,5,5,0,1,0,0,"Reject","WithMemory"
240,2,2,2,6514,6.514,NA,15.472,NA,NA,3,2,1,4,4,4,4,4,3,3,3,3,5,1,2,0,1,4,3.2,0,1,0,0,"Reject","NoMemory"
241,1,4,2,3528,3.528,NA,NA,NA,11.015,2,2,1,3,2,4,4,4,4,4,4,4,NA,NA,NA,0,1,3.25,4,0,0,0,1,"Accept","NoMemory"
242,1,2,1,16671,16.671,NA,30.76,NA,NA,2,1,1,5,5,5,5,3,4,5,4,4,5,1,2,1,0,5,4,0,1,0,0,"Accept","WithMemory"
243,2,4,1,6413,6.413,NA,NA,NA,17.15,4,1,1,3,3,3,3,5,4,3,3,3,NA,NA,NA,1,0,3,3.6,0,0,0,1,"Reject","WithMemory"
244,4,2,1,NA,NA,NA,15.878,NA,NA,1,1,2,1,1,2,2,2,1,2,2,1,5,1,2,1,0,1.5,1.6,0,1,0,0,"Other","WithMemory"
245,1,3,1,2379,2.379,NA,NA,8.89,NA,1,2,1,5,5,5,5,2,5,5,4,5,NA,NA,NA,1,0,5,4.2,0,0,1,0,"Accept","WithMemory"
246,2,4,1,9333,9.333,NA,NA,NA,15.9,2,1,1,3,4,4,4,5,5,4,2,4,NA,NA,NA,1,0,3.75,4,0,0,0,1,"Reject","WithMemory"
247,1,1,2,1747,1.747,10.219,NA,NA,NA,1,1,1,5,3,2,2,5,3,2,3,3,5,1,1,0,1,3,3.2,1,0,0,0,"Accept","NoMemory"
248,2,4,1,2521,2.521,NA,NA,NA,7.549,1,1,1,4,4,3,3,3,3,3,3,3,NA,NA,NA,1,0,3.5,3,0,0,0,1,"Reject","WithMemory"
249,2,3,1,3983,3.983,NA,NA,7.771,NA,1,2,1,4,4,4,4,4,4,4,4,4,NA,NA,NA,1,0,4,4,0,0,1,0,"Reject","WithMemory"
250,1,1,1,5215,5.215,12.297,NA,NA,NA,1,2,1,1,1,2,2,5,5,5,5,5,4,1,1,1,0,1.5,5,1,0,0,0,"Accept","WithMemory"
251,2,1,2,1799,1.799,17.866,NA,NA,NA,1,2,1,4,4,4,4,3,3,3,3,3,5,1,2,0,1,4,3,1,0,0,0,"Reject","NoMemory"
252,2,4,2,7112,7.112,NA,NA,NA,13.753,1,2,1,3,2,3,4,3,4,4,4,3,NA,NA,NA,0,1,3,3.6,0,0,0,1,"Reject","NoMemory"
253,2,4,2,5311,5.311,NA,NA,NA,54.339,1,2,1,3,3,4,4,1,4,4,1,3,NA,NA,NA,0,1,3.5,2.6,0,0,0,1,"Reject","NoMemory"
254,2,3,1,4831,4.831,NA,NA,21.65,NA,1,2,1,4,4,3,3,2,4,4,4,3,NA,NA,NA,1,0,3.5,3.4,0,0,1,0,"Reject","WithMemory"
255,3,4,2,22268,22.268,NA,NA,NA,29.472,1,2,1,4,4,4,4,3,4,4,3,4,NA,NA,NA,0,1,4,3.6,0,0,0,1,"Manage","NoMemory"
256,3,2,2,52069,52.069,NA,58.651,NA,NA,1,2,1,4,2,4,2,4,4,3,4,4,5,1,2,0,1,3,3.8,0,1,0,0,"Manage","NoMemory"
257,2,4,2,2215,2.215,NA,NA,NA,6.85,1,1,1,5,5,5,5,4,4,4,4,4,NA,NA,NA,0,1,5,4,0,0,0,1,"Reject","NoMemory"
258,2,2,1,2036,2.036,NA,19.689,NA,NA,1,2,1,4,4,5,5,4,4,4,4,4,5,1,1,1,0,4.5,4,0,1,0,0,"Reject","WithMemory"
259,1,1,1,4256,4.256,9.51,NA,NA,NA,1,2,1,5,5,5,5,4,5,4,3,2,5,1,1,1,0,5,3.6,1,0,0,0,"Accept","WithMemory"
260,1,4,1,9856,9.856,NA,NA,NA,20.673,1,2,1,4,4,4,4,4,4,4,4,4,NA,NA,NA,1,0,4,4,0,0,0,1,"Accept","WithMemory"
261,2,1,2,2501,2.501,14.718,NA,NA,NA,1,2,1,5,5,5,5,5,5,5,5,5,4,1,2,0,1,5,5,1,0,0,0,"Reject","NoMemory"
262,2,3,1,3584,3.584,NA,NA,7.731,NA,1,2,1,4,4,3,3,3,2,1,3,1,NA,NA,NA,1,0,3.5,2,0,0,1,0,"Reject","WithMemory"
263,2,2,2,7822,7.822,NA,9.767,NA,NA,1,2,1,4,4,4,4,4,4,4,3,4,5,1,2,0,1,4,3.8,0,1,0,0,"Reject","NoMemory"
264,1,4,1,3513,3.513,NA,NA,NA,61.958,1,2,1,2,4,4,4,4,4,4,4,4,NA,NA,NA,1,0,3.5,4,0,0,0,1,"Accept","WithMemory"
265,1,3,1,2501,2.501,NA,NA,15.295,NA,1,2,1,5,5,5,5,5,5,5,5,5,NA,NA,NA,1,0,5,5,0,0,1,0,"Accept","WithMemory"
266,2,4,2,2037,2.037,NA,NA,NA,29.883,1,2,1,5,5,2,4,4,5,4,5,4,NA,NA,NA,0,1,4,4.4,0,0,0,1,"Reject","NoMemory"
267,4,1,2,NA,NA,8.186,NA,NA,NA,1,1,1,4,2,4,4,5,4,4,5,4,5,1,2,0,1,3.5,4.4,1,0,0,0,"Other","NoMemory"
268,1,3,1,3723,3.723,NA,NA,8.933,NA,1,2,1,4,4,5,5,5,4,3,3,3,NA,NA,NA,1,0,4.5,3.6,0,0,1,0,"Accept","WithMemory"
269,2,4,1,2560,2.56,NA,NA,NA,7.027,1,2,1,5,5,4,4,5,3,5,4,4,NA,NA,NA,1,0,4.5,4.2,0,0,0,1,"Reject","WithMemory"
270,2,2,2,6828,6.828,NA,28.255,NA,NA,1,2,1,4,4,4,4,3,4,4,5,4,5,1,2,0,1,4,4,0,1,0,0,"Reject","NoMemory"
271,2,1,2,4555,4.555,7.601,NA,NA,NA,1,2,1,5,5,5,5,2,5,5,4,4,5,1,2,0,1,5,4,1,0,0,0,"Reject","NoMemory"
272,2,1,2,12582,12.582,20.101,NA,NA,NA,1,2,1,4,4,4,4,2,4,4,4,4,5,1,2,0,1,4,3.6,1,0,0,0,"Reject","NoMemory"
273,2,2,2,2031,2.031,NA,22.118,NA,NA,1,2,1,4,4,4,4,2,5,3,2,2,5,1,2,0,1,4,2.8,0,1,0,0,"Reject","NoMemory"
274,2,4,1,2891,2.891,NA,NA,NA,7.352,1,1,1,3,3,3,3,3,2,4,3,4,NA,NA,NA,1,0,3,3.2,0,0,0,1,"Reject","WithMemory"
275,1,4,2,2889,2.889,NA,NA,NA,22.507,1,2,1,5,5,5,5,5,5,5,5,5,NA,NA,NA,0,1,5,5,0,0,0,1,"Accept","NoMemory"
276,3,3,2,8032,8.032,NA,NA,13.099,NA,3,1,1,1,4,4,4,3,4,4,5,5,NA,NA,NA,0,1,3.25,4.2,0,0,1,0,"Manage","NoMemory"
277,2,1,2,3321,3.321,43.887,NA,NA,NA,1,1,1,2,2,2,2,2,4,4,4,4,5,1,1,0,1,2,3.6,1,0,0,0,"Reject","NoMemory"
278,1,2,1,4747,4.747,NA,32.446,NA,NA,3,1,1,4,4,3,4,3,4,4,5,4,5,1,2,1,0,3.75,4,0,1,0,0,"Accept","WithMemory"
279,1,3,2,3415,3.415,NA,NA,13.6,NA,1,2,1,3,4,3,2,4,2,3,2,3,NA,NA,NA,0,1,3,2.8,0,0,1,0,"Accept","NoMemory"
280,1,1,1,4720,4.72,7.6,NA,NA,NA,1,2,1,3,4,4,4,3,4,2,2,4,5,1,2,1,0,3.75,3,1,0,0,0,"Accept","WithMemory"
281,2,2,1,1932,1.932,NA,54.513,NA,NA,1,2,1,5,5,4,4,5,5,5,5,3,5,1,2,1,0,4.5,4.6,0,1,0,0,"Reject","WithMemory"
282,3,3,2,2400,2.4,NA,NA,8.917,NA,3,2,1,3,2,4,3,1,5,4,5,2,NA,NA,NA,0,1,3,3.4,0,0,1,0,"Manage","NoMemory"
283,3,4,2,29660,29.66,NA,NA,NA,45.18,3,1,1,3,3,2,4,2,3,3,1,4,NA,NA,NA,0,1,3,2.6,0,0,0,1,"Manage","NoMemory"
284,3,1,2,56473,56.473,59.775,NA,NA,NA,1,2,1,5,5,5,5,5,5,4,5,4,5,1,2,0,1,5,4.6,1,0,0,0,"Manage","NoMemory"
285,2,4,1,9012,9.012,NA,NA,NA,15.07,1,2,1,1,3,2,2,3,3,3,5,4,NA,NA,NA,1,0,2,3.6,0,0,0,1,"Reject","WithMemory"
286,2,3,1,5209,5.209,NA,NA,20.5,NA,1,2,1,4,4,3,3,4,4,4,3,4,NA,NA,NA,1,0,3.5,3.8,0,0,1,0,"Reject","WithMemory"
287,1,3,2,4210,4.21,NA,NA,10.608,NA,1,2,1,5,5,3,4,5,5,5,5,5,NA,NA,NA,0,1,4.25,5,0,0,1,0,"Accept","NoMemory"
288,2,4,2,2385,2.385,NA,NA,NA,75.56,1,2,1,5,5,5,5,4,4,4,4,4,NA,NA,NA,0,1,5,4,0,0,0,1,"Reject","NoMemory"
289,4,1,1,NA,NA,3.24,NA,NA,NA,3,2,2,4,4,4,4,4,4,2,3,4,5,1,1,1,0,4,3.4,1,0,0,0,"Other","WithMemory"
290,1,3,1,3709,3.709,NA,NA,5.169,NA,2,1,1,1,1,1,1,3,2,3,3,3,NA,NA,NA,1,0,1,2.8,0,0,1,0,"Accept","WithMemory"
291,1,1,1,2884,2.884,12.773,NA,NA,NA,2,2,2,4,4,3,3,4,4,4,4,3,4,1,1,1,0,3.5,3.8,1,0,0,0,"Accept","WithMemory"
292,1,1,1,5534,5.534,20.203,NA,NA,NA,1,2,1,3,4,3,3,4,3,3,2,2,3,1,1,1,0,3.25,2.8,1,0,0,0,"Accept","WithMemory"
293,4,2,2,NA,NA,NA,21.098,NA,NA,1,1,1,4,4,4,4,3,4,4,5,4,3,1,1,0,1,4,4,0,1,0,0,"Other","NoMemory"
294,1,1,1,5739,5.739,13.137,NA,NA,NA,1,1,1,4,3,4,4,4,2,2,3,3,4,1,2,1,0,3.75,2.8,1,0,0,0,"Accept","WithMemory"
295,1,2,1,4274,4.274,NA,17.408,NA,NA,3,1,1,4,4,3,4,3,4,4,5,4,4,1,1,1,0,3.75,4,0,1,0,0,"Accept","WithMemory"
296,2,1,1,2901,2.901,13.797,NA,NA,NA,1,1,1,4,4,4,4,4,3,3,3,3,3,1,1,1,0,4,3.2,1,0,0,0,"Reject","WithMemory"
297,1,3,2,13817,13.817,NA,NA,23.773,NA,3,3,2,5,5,3,3,3,5,5,5,5,NA,NA,NA,0,1,4,4.6,0,0,1,0,"Accept","NoMemory"
298,1,1,2,1557,1.557,14.645,NA,NA,NA,3,3,2,4,4,5,4,5,4,5,5,5,4,1,1,0,1,4.25,4.8,1,0,0,0,"Accept","NoMemory"
299,2,2,1,3977,3.977,NA,NA,NA,NA,5,4,1,4,4,4,4,4,4,4,5,5,4,1,1,1,0,4,4.4,0,1,0,0,"Reject","WithMemory"
300,2,3,1,6299,6.299,NA,NA,64.58,NA,2,1,1,2,2,2,2,2,2,3,3,3,NA,NA,NA,1,0,2,2.6,0,0,1,0,"Reject","WithMemory"
301,2,2,1,2659,2.659,NA,16.587,NA,NA,1,2,1,4,4,4,4,4,4,5,5,5,3,1,1,1,0,4,4.6,0,1,0,0,"Reject","WithMemory"
302,2,4,1,6710,6.71,NA,NA,NA,40.005,3,3,2,2,2,2,3,3,3,3,2,2,NA,NA,NA,1,0,2.25,2.6,0,0,0,1,"Reject","WithMemory"
303,2,4,2,6537,6.537,NA,NA,NA,16.742,1,1,1,5,5,5,5,1,1,1,1,1,NA,NA,NA,0,1,5,1,0,0,0,1,"Reject","NoMemory"
304,1,3,2,6962,6.962,NA,NA,14.189,NA,1,1,2,5,5,53,4,5,5,5,5,5,NA,NA,NA,0,1,5,5,0,0,1,0,"Accept","NoMemory"
305,2,4,2,4087,4.087,NA,NA,NA,33.25,4,1,1,3,3,2,4,2,3,3,2,4,NA,NA,NA,0,1,3,2.8,0,0,0,1,"Reject","NoMemory"
306,1,1,2,1892,1.892,25.084,NA,NA,NA,2,1,1,4,4,4,4,2,2,2,2,2,5,1,1,0,1,4,2,1,0,0,0,"Accept","NoMemory"
307,1,3,1,3697,3.697,NA,NA,10.565,NA,1,2,1,4,4,4,4,4,4,4,4,4,NA,NA,NA,1,0,4,4,0,0,1,0,"Accept","WithMemory"
308,2,2,2,2012,2.012,NA,19.8,NA,NA,5,4,2,4,4,2,4,5,5,4,2,4,4,1,1,0,1,3.5,4,0,1,0,0,"Reject","NoMemory"
309,4,2,2,NA,NA,NA,30.463,NA,NA,1,1,1,4,4,2,4,5,5,4,2,4,5,1,1,0,1,3.5,4,0,1,0,0,"Other","NoMemory"
310,2,4,1,1807,1.807,NA,NA,NA,22.052,1,2,1,3,3,3,3,3,3,3,3,3,NA,NA,NA,1,0,3,3,0,0,0,1,"Reject","WithMemory"
311,2,2,2,10524,10.524,NA,21.42,NA,NA,1,2,1,5,4,3,4,4,5,4,4,5,5,1,2,0,1,4,4.4,0,1,0,0,"Reject","NoMemory"
312,1,1,1,2995,2.995,9.778,NA,NA,NA,1,2,1,4,4,4,4,4,4,4,5,4,5,1,1,1,0,4,4.2,1,0,0,0,"Accept","WithMemory"
313,1,1,2,3831,3.831,14.755,NA,NA,NA,1,2,1,4,4,4,4,3,3,2,4,4,5,1,2,0,1,4,3.2,1,0,0,0,"Accept","NoMemory"
314,1,1,2,4468,4.4676,25.994,NA,NA,NA,1,1,1,4,4,4,4,5,4,4,5,3,5,1,2,0,1,4,4.2,1,0,0,0,"Accept","NoMemory"
315,1,1,2,3699,3.699,42.936,NA,NA,NA,1,1,1,3,4,4,5,4,5,2,4,4,5,1,1,0,1,4,3.8,1,0,0,0,"Accept","NoMemory"
316,1,3,2,2293,2.293,NA,NA,32.917,NA,1,1,1,4,4,4,4,3,4,4,4,3,NA,NA,NA,0,1,4,3.6,0,0,1,0,"Accept","NoMemory"
317,1,2,2,2119,2.119,NA,12.347,NA,NA,1,2,1,2,3,4,4,3,4,2,4,4,5,1,2,0,1,3.25,3.4,0,1,0,0,"Accept","NoMemory"
318,1,1,1,3306,3.306,8.767,NA,NA,NA,1,2,1,3,3,4,4,2,4,4,4,4,5,1,1,1,0,3.5,3.6,1,0,0,0,"Accept","WithMemory"
319,1,4,2,4967,4.967,NA,NA,NA,41.92,1,2,1,5,5,5,5,4,4,4,4,4,NA,NA,NA,0,1,5,4,0,0,0,1,"Accept","NoMemory"
320,2,4,1,1857,1.857,NA,NA,NA,24.789,1,1,1,5,5,5,5,5,5,5,5,5,NA,NA,NA,1,0,5,5,0,0,0,1,"Reject","WithMemory"
321,1,3,2,2379,2.379,NA,NA,6.998,NA,1,2,1,4,4,3,4,2,4,4,2,4,NA,NA,NA,0,1,3.75,3.2,0,0,1,0,"Accept","NoMemory"
322,2,1,2,3345,3.345,29.066,NA,NA,NA,1,2,1,4,4,4,4,4,5,4,4,4,5,1,1,0,1,4,4.2,1,0,0,0,"Reject","NoMemory"
323,2,4,1,8130,8.13,NA,NA,NA,22.516,1,2,1,3,2,2,2,2,2,2,2,2,NA,NA,NA,1,0,2.25,2,0,0,0,1,"Reject","WithMemory"
324,2,2,2,2525,2.525,NA,8.478,NA,NA,1,2,1,4,4,4,4,4,5,5,5,5,5,1,2,0,1,4,4.8,0,1,0,0,"Reject","NoMemory"
325,1,4,1,1790,1.79,NA,NA,NA,12.03,1,1,1,5,5,5,5,5,5,5,5,4,NA,NA,NA,1,0,5,4.8,0,0,0,1,"Accept","WithMemory"
326,1,3,2,3942,3.942,NA,NA,43.115,NA,1,2,1,4,4,3,4,4,4,3,4,4,NA,NA,NA,0,1,3.75,3.8,0,0,1,0,"Accept","NoMemory"
327,1,3,1,1612,1.612,NA,NA,9.493,NA,1,1,1,3,4,2,3,4,4,4,3,3,NA,NA,NA,1,0,3,3.6,0,0,1,0,"Accept","WithMemory"
328,1,1,2,4122,4.122,78.958,NA,NA,NA,1,2,1,4,4,5,5,4,5,5,5,5,5,1,1,0,1,4.5,4.8,1,0,0,0,"Accept","NoMemory"
329,1,2,1,2228,2.228,NA,14.24,NA,NA,2,1,1,5,5,5,5,2,5,4,5,5,5,1,1,1,0,5,4.2,0,1,0,0,"Accept","WithMemory"
330,2,4,2,8869,8.869,NA,NA,NA,29.078,1,1,1,4,5,4,4,4,4,4,2,5,NA,NA,NA,0,1,4.25,3.8,0,0,0,1,"Reject","NoMemory"
331,4,3,2,NA,NA,NA,NA,66.365,NA,1,1,1,5,5,5,5,2,5,4,2,5,NA,NA,NA,0,1,5,3.6,0,0,1,0,"Other","NoMemory"
332,2,2,2,3493,3.493,NA,64.869,NA,NA,1,2,1,4,5,4,5,4,5,4,5,5,5,1,2,0,1,4.5,4.6,0,1,0,0,"Reject","NoMemory"
333,2,4,2,8787,8.787,NA,NA,NA,10.903,1,2,1,4,3,4,3,2,4,3,4,2,NA,NA,NA,0,1,3.5,3,0,0,0,1,"Reject","NoMemory"
334,1,2,1,1541,1.541,NA,52.119,NA,NA,1,1,1,4,4,4,4,4,4,4,4,4,5,1,2,1,0,4,4,0,1,0,0,"Accept","WithMemory"
335,1,4,1,7507,7.507,NA,NA,NA,50.683,1,2,1,3,5,3,5,4,4,5,4,3,NA,NA,NA,1,0,4,4,0,0,0,1,"Accept","WithMemory"
336,2,2,2,4015,4.015,NA,19.657,NA,NA,1,2,1,3,2,2,2,3,4,4,4,3,5,1,1,0,1,2.25,3.6,0,1,0,0,"Reject","NoMemory"
337,1,2,1,2513,2.513,NA,57.246,NA,NA,1,2,1,5,5,5,5,5,5,5,4,4,5,1,1,1,0,5,4.6,0,1,0,0,"Accept","WithMemory"
338,2,4,1,2290,2.29,NA,NA,NA,11.5,1,2,1,5,5,5,5,5,5,5,5,5,NA,NA,NA,1,0,5,5,0,0,0,1,"Reject","WithMemory"
339,1,3,1,6344,6.344,NA,NA,63.532,NA,2,2,1,5,5,4,5,4,5,5,5,1,NA,NA,NA,1,0,4.75,4,0,0,1,0,"Accept","WithMemory"
340,1,3,1,6543,6.543,NA,NA,80.701,NA,1,2,1,3,4,3,4,4,4,4,4,4,NA,NA,NA,1,0,3.5,4,0,0,1,0,"Accept","WithMemory"
341,1,3,1,2535,2.535,NA,NA,25.939,NA,1,2,1,4,4,3,4,4,5,5,5,4,NA,NA,NA,1,0,3.75,4.6,0,0,1,0,"Accept","WithMemory"
342,2,4,1,6054,6.054,NA,NA,NA,28.878,1,2,1,4,2,3,3,4,4,4,5,3,NA,NA,NA,1,0,3,4,0,0,0,1,"Reject","WithMemory"
343,2,4,1,8172,8.172,NA,NA,NA,10.093,1,1,1,4,4,4,4,3,4,4,2,4,NA,NA,NA,1,0,4,3.4,0,0,0,1,"Reject","WithMemory"
344,1,2,2,5734,5.734,NA,28.763,NA,NA,1,3,1,4,4,4,4,3,4,5,5,4,5,1,2,0,1,4,4.2,0,1,0,0,"Accept","NoMemory"
345,1,1,2,18732,18.732,46.08,NA,NA,NA,1,2,1,3,4,4,4,4,4,4,4,3,5,1,1,0,1,3.75,3.8,1,0,0,0,"Accept","NoMemory"
346,2,1,1,3545,3.545,64.191,NA,NA,NA,1,1,1,4,4,3,4,3,5,4,4,4,5,1,2,1,0,3.75,4,1,0,0,0,"Reject","WithMemory"
347,1,2,1,4777,4.777,NA,26.175,NA,NA,1,2,1,4,4,3,4,3,3,3,3,3,5,1,2,1,0,3.75,3,0,1,0,0,"Accept","WithMemory"
348,3,3,1,6714,6.714,NA,NA,57.375,NA,1,2,1,5,5,5,5,4,3,4,4,5,NA,NA,NA,1,0,5,4,0,0,1,0,"Manage","WithMemory"
349,1,1,2,2006,2.006,55.978,NA,NA,NA,1,2,2,4,4,4,4,1,3,4,3,4,5,1,1,0,1,4,3,1,0,0,0,"Accept","NoMemory"
350,1,3,1,4447,4.447,NA,NA,44.2,NA,2,1,1,4,3,3,3,3,5,5,5,5,NA,NA,NA,1,0,3.25,4.6,0,0,1,0,"Accept","WithMemory"
351,1,3,2,7715,7.71545,NA,NA,62.63,NA,34,1,1,4,4,4,4,4,3,3,3,4,NA,NA,NA,0,1,4,3.4,0,0,1,0,"Accept","NoMemory"
352,1,3,1,4333,4.333,NA,NA,21.15,NA,45,1,1,4,4,2,2,3,3,4,3,4,NA,NA,NA,1,0,3,3.4,0,0,1,0,"Accept","WithMemory"
353,2,1,2,7335,7.335,19.32,NA,NA,NA,34,2,1,4,4,5,2,2,4,2,3,4,3,1,1,0,1,3.75,3,1,0,0,0,"Reject","NoMemory"
354,1,3,2,5563,5.563,NA,NA,20.36,NA,20,1,1,2,4,3,3,3,2,2,3,4,NA,NA,NA,0,1,3,2.8,0,0,1,0,"Accept","NoMemory"
355,2,2,2,6875,6.875,NA,23.81,NA,NA,35,1,2,4,4,4,4,3,5,5,4,4,3,1,1,0,1,4,4.2,0,1,0,0,"Reject","NoMemory"
356,1,2,1,3548,3.548,NA,63.34,NA,NA,20,2,1,2,3,5,3,3,2,5,5,3,4,1,1,1,0,3.25,3.6,0,1,0,0,"Accept","WithMemory"
357,1,3,2,6681,6.681,NA,NA,60.63,NA,57,2,1,5,3,2,3,3,4,3,3,2,NA,NA,NA,0,1,3.25,3,0,0,1,0,"Accept","NoMemory"
358,2,4,2,5043,5.043,NA,NA,NA,16.15,65,1,2,5,5,3,4,4,2,4,4,4,NA,NA,NA,0,1,4.25,3.6,0,0,0,1,"Reject","NoMemory"
359,2,2,2,6028,6.028,NA,5.13,NA,NA,37,1,1,3,2,3,3,5,3,3,3,4,3,1,1,0,1,2.75,3.6,0,1,0,0,"Reject","NoMemory"
360,2,1,1,16451,16.451,15.18,NA,NA,NA,65,1,1,3,4,5,5,3,4,2,4,3,4,1,1,1,0,4.25,3.2,1,0,0,0,"Reject","WithMemory"
361,2,3,2,8859,8.859,NA,NA,18.79,NA,39,1,1,5,4,4,4,4,3,5,3,2,NA,NA,NA,0,1,4.25,3.4,0,0,1,0,"Reject","NoMemory"
362,1,2,1,5560,5.56,NA,26.68,NA,NA,23,1,1,2,3,3,4,3,4,4,4,2,4,1,1,1,0,3,3.4,0,1,0,0,"Accept","WithMemory"
363,1,3,2,5082,5.082,NA,NA,39.7,NA,41,2,1,3,3,4,2,3,3,4,4,4,NA,NA,NA,0,1,3,3.6,0,0,1,0,"Accept","NoMemory"
364,1,3,2,2762,2.762,NA,NA,12.71,NA,22,2,2,3,3,3,4,4,4,4,5,4,NA,NA,NA,0,1,3.25,4.2,0,0,1,0,"Accept","NoMemory"
365,1,2,1,8056,8.056,NA,24.16,NA,NA,38,2,2,5,4,4,1,3,4,4,2,4,4,1,1,1,0,3.5,3.4,0,1,0,0,"Accept","WithMemory"
366,1,1,1,3290,3.29,39.33,NA,NA,NA,62,1,1,3,3,4,4,4,4,4,4,3,5,1,1,1,0,3.5,3.8,1,0,0,0,"Accept","WithMemory"
367,1,1,1,4016,4.016,9.18,NA,NA,NA,64,1,1,3,3,4,4,4,3,5,5,4,4,1,1,1,0,3.5,4.2,1,0,0,0,"Accept","WithMemory"
368,1,3,1,4627,4.627,NA,NA,216.32,NA,50,1,1,4,2,3,4,4,4,3,5,3,NA,NA,NA,1,0,3.25,3.8,0,0,1,0,"Accept","WithMemory"
369,1,4,2,5024,5.024,NA,NA,NA,10.64,19,2,1,3,4,4,2,4,3,5,4,5,NA,NA,NA,0,1,3.25,4.2,0,0,0,1,"Accept","NoMemory"
370,1,4,1,2898,2.898,NA,NA,NA,23.35,24,2,1,3,5,4,3,4,2,5,5,4,NA,NA,NA,1,0,3.75,4,0,0,0,1,"Accept","WithMemory"
371,2,4,2,4839,4.839,NA,NA,NA,13.13,45,1,2,3,4,3,3,3,4,4,4,2,NA,NA,NA,0,1,3.25,3.4,0,0,0,1,"Reject","NoMemory"
372,1,1,1,3324,3.324,59.4,NA,NA,NA,30,2,1,4,2,3,4,4,4,4,3,2,3,1,1,1,0,3.25,3.4,1,0,0,0,"Accept","WithMemory"
373,1,4,2,4138,4.138,NA,NA,NA,22.16,31,1,2,3,5,3,2,4,2,4,4,4,NA,NA,NA,0,1,3.25,3.6,0,0,0,1,"Accept","NoMemory"
374,2,3,2,7492,7.492,NA,NA,10.99,NA,56,2,1,4,4,4,4,4,5,4,4,4,NA,NA,NA,0,1,4,4.2,0,0,1,0,"Reject","NoMemory"
375,2,4,2,6725,6.725,NA,NA,NA,33.98,23,2,2,3,4,3,4,4,3,4,4,4,NA,NA,NA,0,1,3.5,3.8,0,0,0,1,"Reject","NoMemory"
376,1,1,2,6755,6.755,24.81,NA,NA,NA,63,2,1,3,4,3,4,4,4,4,5,4,5,1,1,0,1,3.5,4.2,1,0,0,0,"Accept","NoMemory"
377,1,4,2,5457,5.457,NA,NA,NA,21.35,64,1,2,4,2,2,4,5,3,4,4,4,NA,NA,NA,0,1,3,4,0,0,0,1,"Accept","NoMemory"
378,1,4,1,3685,3.685,NA,NA,NA,26.08,63,1,1,4,2,5,5,4,5,3,2,3,NA,NA,NA,1,0,4,3.4,0,0,0,1,"Accept","WithMemory"
379,1,3,1,3914,3.914,NA,NA,24.53,NA,36,1,1,4,4,2,2,4,5,5,4,2,NA,NA,NA,1,0,3,4,0,0,1,0,"Accept","WithMemory"
380,1,2,2,4142,4.142,NA,70.97,NA,NA,18,2,2,4,5,2,3,2,5,4,3,4,3,1,1,0,1,3.5,3.6,0,1,0,0,"Accept","NoMemory"
381,2,2,2,5181,5.181,NA,26.94,NA,NA,47,2,1,2,4,3,4,2,4,4,3,4,5,1,1,0,1,3.25,3.4,0,1,0,0,"Reject","NoMemory"
382,3,4,2,10641,10.641,NA,NA,NA,24.14,26,1,1,4,4,4,5,4,4,4,3,3,NA,NA,NA,0,1,4.25,3.6,0,0,0,1,"Manage","NoMemory"
383,1,1,1,6854,6.854,24.45,NA,NA,NA,41,1,2,4,3,4,4,4,3,5,4,5,3,1,1,1,0,3.75,4.2,1,0,0,0,"Accept","WithMemory"
384,1,1,2,3733,3.733,35.38,NA,NA,NA,21,2,1,5,3,1,4,3,4,4,5,3,4,1,1,0,1,3.25,3.8,1,0,0,0,"Accept","NoMemory"
385,1,1,2,4728,4.728,62.85,NA,NA,NA,50,2,1,4,3,3,4,3,4,3,3,4,4,1,1,0,1,3.5,3.4,1,0,0,0,"Accept","NoMemory"
386,2,4,2,11511,11.511,NA,NA,NA,15.32,36,2,1,3,2,4,4,5,4,5,3,4,NA,NA,NA,0,1,3.25,4.2,0,0,0,1,"Reject","NoMemory"
387,1,2,1,5728,5.728,NA,35.25,NA,NA,25,1,1,3,4,4,3,4,4,3,3,4,5,1,1,1,0,3.5,3.6,0,1,0,0,"Accept","WithMemory"
388,1,2,2,4034,4.034,NA,30.01,NA,NA,29,2,1,2,5,2,4,5,5,2,5,3,5,1,1,0,1,3.25,4,0,1,0,0,"Accept","NoMemory"
389,1,3,2,3318,3.318,NA,NA,10.06,NA,34,2,1,2,4,4,4,4,4,4,3,3,NA,NA,NA,0,1,3.5,3.6,0,0,1,0,"Accept","NoMemory"
390,1,2,1,3288,3.288,NA,10.41,NA,NA,60,1,1,4,2,3,2,4,3,4,2,3,5,1,1,1,0,2.75,3.2,0,1,0,0,"Accept","WithMemory"
391,3,4,1,6317,6.317,NA,NA,NA,18.25,51,2,1,4,4,4,2,5,3,4,3,4,NA,NA,NA,1,0,3.5,3.8,0,0,0,1,"Manage","WithMemory"
392,2,2,1,4585,4.585,NA,41,NA,NA,56,2,2,3,4,5,2,3,4,5,4,2,4,1,1,1,0,3.5,3.6,0,1,0,0,"Reject","WithMemory"
393,2,4,1,3434,3.434,NA,NA,NA,57.77,26,2,1,3,3,3,5,5,5,4,4,3,NA,NA,NA,1,0,3.5,4.2,0,0,0,1,"Reject","WithMemory"
394,2,3,2,5513,5.513,NA,NA,35.93,NA,63,2,2,5,4,5,4,3,3,3,5,5,NA,NA,NA,0,1,4.5,3.8,0,0,1,0,"Reject","NoMemory"
395,1,2,1,5139,5.139,NA,15.68,NA,NA,28,1,2,5,5,4,4,4,4,3,4,3,4,1,1,1,0,4.5,3.6,0,1,0,0,"Accept","WithMemory"
396,1,2,1,3815,3.815,NA,9.72,NA,NA,39,1,1,5,3,5,4,4,5,5,4,3,4,1,1,1,0,4.25,4.2,0,1,0,0,"Accept","WithMemory"
397,2,4,1,9631,9.631,NA,NA,NA,9.29,51,1,2,3,4,5,4,3,4,5,5,3,NA,NA,NA,1,0,4,4,0,0,0,1,"Reject","WithMemory"
398,4,3,1,NA,NA,NA,NA,21.55,NA,53,2,1,4,2,4,4,3,3,2,3,3,NA,NA,NA,1,0,3.5,2.8,0,0,1,0,"Other","WithMemory"
399,1,3,2,4742,4.742,NA,NA,92.05,NA,53,2,1,4,4,5,3,5,4,3,4,5,NA,NA,NA,0,1,4,4.2,0,0,1,0,"Accept","NoMemory"
400,2,1,2,8145,8.145,25.69,NA,NA,NA,31,2,1,2,3,4,5,5,4,5,4,4,3,1,1,0,1,3.5,4.4,1,0,0,0,"Reject","NoMemory"
401,1,1,1,2609,2.609,40.73,NA,NA,NA,45,2,1,4,4,4,3,4,3,5,5,4,4,1,1,1,0,3.75,4.2,1,0,0,0,"Accept","WithMemory"
402,1,2,1,3129,3.129,NA,49.17,NA,NA,42,2,1,4,3,4,4,4,5,4,4,3,4,1,1,1,0,3.75,4,0,1,0,0,"Accept","WithMemory"
403,2,3,2,6198,6.198,NA,NA,87.05,NA,36,1,1,5,5,4,4,4,3,5,3,5,NA,NA,NA,0,1,4.5,4,0,0,1,0,"Reject","NoMemory"
404,1,4,2,5182,5.18245,NA,NA,NA,6.33,63,2,2,5,5,2,3,4,3,3,3,2,NA,NA,NA,0,1,3.75,3,0,0,0,1,"Accept","NoMemory"
405,1,1,1,3394,3.394,15.2,NA,NA,NA,62,2,1,5,4,2,5,3,3,3,4,4,3,1,1,1,0,4,3.4,1,0,0,0,"Accept","WithMemory"
406,1,3,1,4584,4.584,NA,NA,7.05,NA,55,2,1,5,4,3,4,4,4,3,5,4,NA,NA,NA,1,0,4,4,0,0,1,0,"Accept","WithMemory"
407,2,1,2,14940,14.94,22.01,NA,NA,NA,58,2,2,5,3,4,5,5,3,4,3,3,3,1,1,0,1,4.25,3.6,1,0,0,0,"Reject","NoMemory"
408,1,1,2,3614,3.614,18.88,NA,NA,NA,63,2,1,2,3,3,3,4,5,3,4,3,4,1,1,0,1,2.75,3.8,1,0,0,0,"Accept","NoMemory"
409,1,1,2,7921,7.921,61.29,NA,NA,NA,38,2,1,5,3,3,3,3,4,3,4,4,5,1,1,0,1,3.5,3.6,1,0,0,0,"Accept","NoMemory"
410,1,1,2,6120,6.12,21.61,NA,NA,NA,25,1,2,5,2,3,2,4,4,3,3,4,4,1,1,0,1,3,3.6,1,0,0,0,"Accept","NoMemory"
411,1,3,1,5775,5.775,NA,NA,22.78,NA,25,2,2,4,3,4,4,3,4,4,3,5,NA,NA,NA,1,0,3.75,3.8,0,0,1,0,"Accept","WithMemory"
412,2,1,2,5272,5.272,14.05,NA,NA,NA,22,1,1,5,5,4,5,3,4,4,5,5,3,1,1,0,1,4.75,4.2,1,0,0,0,"Reject","NoMemory"
413,1,3,2,3674,3.674,NA,NA,52.25,NA,36,2,1,3,3,3,3,5,4,4,4,4,NA,NA,NA,0,1,3,4.2,0,0,1,0,"Accept","NoMemory"
414,1,4,1,4289,4.289,NA,NA,NA,37.16,45,2,1,3,2,5,4,4,3,3,3,3,NA,NA,NA,1,0,3.5,3.2,0,0,0,1,"Accept","WithMemory"
415,2,4,1,13258,13.258,NA,NA,NA,15.72,62,1,1,4,3,4,3,3,3,4,4,3,NA,NA,NA,1,0,3.5,3.4,0,0,0,1,"Reject","WithMemory"
416,1,4,1,4662,4.662,NA,NA,NA,16,29,1,1,2,4,4,5,4,3,3,3,4,NA,NA,NA,1,0,3.75,3.4,0,0,0,1,"Accept","WithMemory"
417,2,2,2,11375,11.375,NA,87.25,NA,NA,34,2,1,2,5,5,4,4,5,4,4,4,4,1,1,0,1,4,4.2,0,1,0,0,"Reject","NoMemory"
418,1,2,2,4182,4.182,NA,4.71,NA,NA,23,1,1,2,4,3,3,3,3,4,5,4,4,1,1,0,1,3,3.8,0,1,0,0,"Accept","NoMemory"
419,1,4,1,5143,5.143,NA,NA,NA,33.19,47,1,1,4,2,3,2,4,4,4,4,4,NA,NA,NA,1,0,2.75,4,0,0,0,1,"Accept","WithMemory"
420,2,2,2,7553,7.553,NA,9.3,NA,NA,19,1,1,3,5,4,5,3,3,5,3,3,4,1,1,0,1,4.25,3.4,0,1,0,0,"Reject","NoMemory"
421,4,1,2,NA,NA,5.23,NA,NA,NA,31,2,1,3,4,3,3,4,5,4,4,5,5,1,1,0,1,3.25,4.4,1,0,0,0,"Other","NoMemory"
422,2,2,2,9933,9.933,NA,17.21,NA,NA,45,1,1,2,4,4,3,4,5,3,5,3,4,1,1,0,1,3.25,4,0,1,0,0,"Reject","NoMemory"
423,1,4,1,6020,6.02,NA,NA,NA,10.23,31,2,1,2,3,3,3,1,3,4,4,3,NA,NA,NA,1,0,2.75,3,0,0,0,1,"Accept","WithMemory"
424,2,2,2,8672,8.672,NA,83.04,NA,NA,62,1,2,4,4,5,4,3,3,4,4,4,4,1,1,0,1,4.25,3.6,0,1,0,0,"Reject","NoMemory"
425,2,4,1,4677,4.677,NA,NA,NA,61.95,25,1,1,3,3,3,3,3,4,5,4,4,NA,NA,NA,1,0,3,4,0,0,0,1,"Reject","WithMemory"
426,2,2,2,4329,4.329,NA,102.85,NA,NA,42,2,1,3,1,4,5,5,3,3,4,4,4,1,1,0,1,3.25,3.8,0,1,0,0,"Reject","NoMemory"
427,1,2,1,5804,5.8038,NA,15.82,NA,NA,28,2,1,3,4,3,4,3,4,3,3,3,5,1,1,1,0,3.5,3.2,0,1,0,0,"Accept","WithMemory"
428,1,2,2,5997,5.997,NA,42.82,NA,NA,38,1,1,4,4,2,4,5,3,4,4,3,3,1,1,0,1,3.5,3.8,0,1,0,0,"Accept","NoMemory"
429,2,2,2,10341,10.341,NA,3.35,NA,NA,29,2,1,5,4,4,4,3,3,3,5,5,4,1,1,0,1,4.25,3.8,0,1,0,0,"Reject","NoMemory"
430,4,3,1,NA,NA,NA,NA,19.83,NA,32,1,1,5,3,4,3,4,4,4,3,5,NA,NA,NA,1,0,3.75,4,0,0,1,0,"Other","WithMemory"
431,2,4,2,10883,10.883,NA,NA,NA,18.59,48,1,2,4,3,3,4,4,5,5,4,4,NA,NA,NA,0,1,3.5,4.4,0,0,0,1,"Reject","NoMemory"
432,2,2,2,7539,7.539,NA,7.89,NA,NA,49,1,1,4,4,4,3,3,4,4,4,5,5,1,1,0,1,3.75,4,0,1,0,0,"Reject","NoMemory"
433,2,2,1,7350,7.35,NA,38.74,NA,NA,18,1,2,3,3,5,4,4,4,4,4,2,4,1,1,1,0,3.75,3.6,0,1,0,0,"Reject","WithMemory"
434,4,2,1,NA,NA,NA,8.87,NA,NA,58,1,1,2,2,5,3,4,4,3,3,5,4,1,1,1,0,3,3.8,0,1,0,0,"Other","WithMemory"
435,1,3,1,6596,6.596,NA,NA,30.8,NA,62,2,2,3,4,3,2,4,4,3,4,3,NA,NA,NA,1,0,3,3.6,0,0,1,0,"Accept","WithMemory"
436,1,1,2,5370,5.37,27.62,NA,NA,NA,57,2,1,4,3,4,4,3,3,4,4,3,2,1,1,0,1,3.75,3.4,1,0,0,0,"Accept","NoMemory"
437,2,3,2,6193,6.193,NA,NA,25.42,NA,56,1,1,4,3,3,5,5,3,5,3,5,NA,NA,NA,0,1,3.75,4.2,0,0,1,0,"Reject","NoMemory"
438,1,3,2,3424,3.424,NA,NA,7.48,NA,54,2,1,5,2,4,5,3,3,3,4,3,NA,NA,NA,0,1,4,3.2,0,0,1,0,"Accept","NoMemory"
439,2,2,1,6923,6.923,NA,72.4,NA,NA,59,2,1,5,4,4,4,3,4,4,3,3,3,1,1,1,0,4.25,3.4,0,1,0,0,"Reject","WithMemory"
440,4,3,1,NA,NA,NA,NA,44.92,NA,39,1,1,3,2,3,4,4,5,4,5,4,NA,NA,NA,1,0,3,4.4,0,0,1,0,"Other","WithMemory"
441,2,1,2,3708,3.708,23.4,NA,NA,NA,18,1,1,4,5,3,4,4,3,4,4,4,4,1,1,0,1,4,3.8,1,0,0,0,"Reject","NoMemory"
442,3,2,1,7873,7.873,NA,12.32,NA,NA,65,2,3,4,4,3,2,4,4,4,4,4,3,1,1,1,0,3.25,4,0,1,0,0,"Manage","WithMemory"
443,2,1,1,8315,8.315,27.11,NA,NA,NA,52,1,2,2,4,5,4,5,3,4,3,4,5,1,1,1,0,3.75,3.8,1,0,0,0,"Reject","WithMemory"
444,2,3,2,13537,13.53744,NA,NA,202.65,NA,51,2,1,2,4,4,4,3,3,4,4,4,NA,NA,NA,0,1,3.5,3.6,0,0,1,0,"Reject","NoMemory"
445,4,3,1,NA,NA,NA,NA,27.9,NA,18,1,1,3,2,3,4,2,4,5,4,4,NA,NA,NA,1,0,3,3.8,0,0,1,0,"Other","WithMemory"
446,2,2,2,7312,7.312,NA,14.48,NA,NA,50,2,1,4,3,4,5,4,3,3,4,4,4,1,1,0,1,4,3.6,0,1,0,0,"Reject","NoMemory"
447,4,3,1,NA,NA,NA,NA,24.94,NA,57,1,1,3,4,4,4,5,2,5,3,5,NA,NA,NA,1,0,3.75,4,0,0,1,0,"Other","WithMemory"
448,2,2,2,7075,7.075,NA,14.37,NA,NA,32,2,1,3,3,5,4,3,3,3,3,4,4,1,1,0,1,3.75,3.2,0,1,0,0,"Reject","NoMemory"
449,1,1,1,3160,3.16,9.45,NA,NA,NA,44,1,1,5,4,4,2,4,4,4,4,4,3,1,1,1,0,3.75,4,1,0,0,0,"Accept","WithMemory"
450,1,4,1,3846,3.846,NA,NA,NA,23.1,33,1,1,4,3,4,3,4,5,3,2,4,NA,NA,NA,1,0,3.5,3.6,0,0,0,1,"Accept","WithMemory"
451,4,1,1,NA,NA,28.68,NA,NA,NA,55,2,1,3,2,3,3,5,3,5,4,4,3,1,1,1,0,2.75,4.2,1,0,0,0,"Other","WithMemory"
452,3,4,2,17020,17.02,NA,NA,NA,20.23,54,2,1,3,4,2,3,5,3,4,4,3,NA,NA,NA,0,1,3,3.8,0,0,0,1,"Manage","NoMemory"
453,3,2,2,20971,20.971,NA,18.49,NA,NA,33,2,2,5,5,4,1,3,3,3,3,3,5,1,1,0,1,3.75,3,0,1,0,0,"Manage","NoMemory"
454,1,3,2,8048,8.048,NA,NA,28.3,NA,23,1,1,4,4,2,2,5,4,3,5,5,NA,NA,NA,0,1,3,4.4,0,0,1,0,"Accept","NoMemory"
455,1,1,2,5432,5.432,19.27,NA,NA,NA,39,1,1,5,4,3,3,5,4,4,3,3,3,1,1,0,1,3.75,3.8,1,0,0,0,"Accept","NoMemory"
456,1,1,1,3093,3.093,6.48,NA,NA,NA,60,2,1,5,5,3,1,3,5,3,2,3,5,1,1,1,0,3.5,3.2,1,0,0,0,"Accept","WithMemory"
457,1,2,1,3794,3.794,NA,28.59,NA,NA,47,2,1,1,3,3,4,3,4,4,2,4,5,1,1,1,0,2.75,3.4,0,1,0,0,"Accept","WithMemory"
458,4,3,1,NA,NA,NA,NA,30.43,NA,42,2,2,1,3,4,1,4,4,3,4,4,NA,NA,NA,1,0,2.25,3.8,0,0,1,0,"Other","WithMemory"
459,1,2,1,5389,5.389,NA,40.38,NA,NA,31,1,2,3,2,4,4,4,4,4,4,5,4,1,1,1,0,3.25,4.2,0,1,0,0,"Accept","WithMemory"
460,1,4,1,5490,5.49,NA,NA,NA,15.21,50,1,1,4,3,3,4,3,4,4,3,4,NA,NA,NA,1,0,3.5,3.6,0,0,0,1,"Accept","WithMemory"
461,2,1,1,8834,8.834,15.79,NA,NA,NA,57,2,1,5,4,5,3,3,4,4,3,4,3,1,1,1,0,4.25,3.6,1,0,0,0,"Reject","WithMemory"
462,2,2,2,11242,11.242,NA,21.85,NA,NA,38,2,1,5,5,4,4,4,3,3,4,4,3,1,1,0,1,4.5,3.6,0,1,0,0,"Reject","NoMemory"
463,2,1,2,4666,4.666,9.79,NA,NA,NA,19,1,1,5,4,4,4,5,4,2,3,4,4,1,1,0,1,4.25,3.6,1,0,0,0,"Reject","NoMemory"
464,1,3,2,4497,4.497,NA,NA,47.24,NA,48,2,1,4,3,3,4,4,2,3,3,3,NA,NA,NA,0,1,3.5,3,0,0,1,0,"Accept","NoMemory"
465,1,2,1,3101,3.101,NA,13.32,NA,NA,57,1,1,3,3,2,4,4,4,4,4,5,3,1,1,1,0,3,4.2,0,1,0,0,"Accept","WithMemory"
466,2,2,2,7760,7.76,NA,21.38,NA,NA,43,1,1,3,3,4,4,3,5,4,4,5,3,1,1,0,1,3.5,4.2,0,1,0,0,"Reject","NoMemory"
467,2,2,1,2571,2.571,NA,11.97,NA,NA,26,2,1,3,3,4,4,3,4,4,2,4,3,1,1,1,0,3.5,3.4,0,1,0,0,"Reject","WithMemory"
468,1,2,2,4430,4.43,NA,6.15,NA,NA,60,2,2,3,3,5,2,4,3,3,3,4,4,1,1,0,1,3.25,3.4,0,1,0,0,"Accept","NoMemory"
469,1,3,2,5300,5.3,NA,NA,43.08,NA,55,2,1,3,3,3,2,4,4,2,5,3,NA,NA,NA,0,1,2.75,3.6,0,0,1,0,"Accept","NoMemory"
470,2,1,1,7763,7.763,50.59,NA,NA,NA,28,2,1,2,3,3,4,3,4,4,3,5,4,1,1,1,0,3,3.8,1,0,0,0,"Reject","WithMemory"
471,1,4,2,4537,4.537,NA,NA,NA,12.65,52,2,1,2,5,4,3,4,4,4,4,3,NA,NA,NA,0,1,3.5,3.8,0,0,0,1,"Accept","NoMemory"
472,1,1,1,4682,4.682,9.43,NA,NA,NA,25,1,1,4,4,2,3,4,4,4,5,4,3,1,1,1,0,3.25,4.2,1,0,0,0,"Accept","WithMemory"
473,3,1,2,17312,17.312,38.1,NA,NA,NA,63,1,1,3,5,3,3,3,5,3,4,4,4,1,1,0,1,3.5,3.8,1,0,0,0,"Manage","NoMemory"
474,3,3,2,18736,18.736,NA,NA,27.51,NA,43,2,2,3,4,4,3,3,4,4,5,3,NA,NA,NA,0,1,3.5,3.8,0,0,1,0,"Manage","NoMemory"
475,1,2,2,3632,3.632,NA,14.3,NA,NA,41,2,1,3,3,3,3,2,3,5,3,4,4,1,1,0,1,3,3.4,0,1,0,0,"Accept","NoMemory"
476,1,1,2,4608,4.608,25.65,NA,NA,NA,56,1,1,5,4,3,4,4,4,5,3,3,5,1,1,0,1,4,3.8,1,0,0,0,"Accept","NoMemory"
477,2,3,2,9541,9.54108,NA,NA,21.84,NA,57,1,1,3,3,3,5,4,5,3,4,3,NA,NA,NA,0,1,3.5,3.8,0,0,1,0,"Reject","NoMemory"
478,2,2,1,10895,10.895,NA,22.8,NA,NA,59,2,2,1,5,4,4,4,4,3,3,2,3,1,1,1,0,3.5,3.2,0,1,0,0,"Reject","WithMemory"
479,1,1,1,4926,4.926,27.17,NA,NA,NA,37,2,1,4,2,4,2,4,2,3,3,3,4,1,1,1,0,3,3,1,0,0,0,"Accept","WithMemory"
480,2,2,2,12576,12.576,NA,52.16,NA,NA,42,2,1,4,2,4,3,4,3,4,2,4,3,1,1,0,1,3.25,3.4,0,1,0,0,"Reject","NoMemory"
481,1,1,1,3295,3.295,8.87,NA,NA,NA,52,1,1,4,4,4,3,4,4,1,4,4,4,1,1,1,0,3.75,3.4,1,0,0,0,"Accept","WithMemory"
482,1,1,2,4654,4.654,48.2,NA,NA,NA,56,1,1,3,2,2,4,4,2,3,5,3,4,1,1,0,1,2.75,3.4,1,0,0,0,"Accept","NoMemory"
483,1,1,1,4409,4.409,5.76,NA,NA,NA,52,1,1,4,4,3,5,4,2,3,3,4,4,1,1,1,0,4,3.2,1,0,0,0,"Accept","WithMemory"
484,2,3,1,7526,7.526,NA,NA,34.84,NA,58,2,1,5,4,2,3,4,3,2,1,2,NA,NA,NA,1,0,3.5,2.4,0,0,1,0,"Reject","WithMemory"
485,1,1,1,6288,6.288,9.36,NA,NA,NA,46,2,2,4,5,3,3,3,3,3,4,3,2,1,1,1,0,3.75,3.2,1,0,0,0,"Accept","WithMemory"
486,2,4,2,4758,4.758,NA,NA,NA,26.41,57,1,1,5,4,3,3,3,5,4,3,5,NA,NA,NA,0,1,3.75,4,0,0,0,1,"Reject","NoMemory"
487,2,1,2,10800,10.8,23.49,NA,NA,NA,65,1,1,4,3,2,5,4,5,3,4,5,3,1,1,0,1,3.5,4.2,1,0,0,0,"Reject","NoMemory"
488,1,1,2,3081,3.081,26.21,NA,NA,NA,32,1,1,2,5,3,4,3,4,4,4,4,5,1,1,0,1,3.5,3.8,1,0,0,0,"Accept","NoMemory"
489,2,4,1,5877,5.877,NA,NA,NA,125.14,50,2,1,4,3,4,3,3,4,4,4,4,NA,NA,NA,1,0,3.5,3.8,0,0,0,1,"Reject","WithMemory"
490,3,2,2,7506,7.506,NA,42.87,NA,NA,63,2,1,4,5,2,4,5,3,3,4,4,4,1,1,0,1,3.75,3.8,0,1,0,0,"Manage","NoMemory"
491,1,2,1,5214,5.214,NA,21.36,NA,NA,26,1,1,3,4,3,3,5,5,3,3,3,5,1,1,1,0,3.25,3.8,0,1,0,0,"Accept","WithMemory"
492,1,3,1,4832,4.832,NA,NA,18.93,NA,40,1,1,3,2,3,4,3,4,4,3,3,NA,NA,NA,1,0,3,3.4,0,0,1,0,"Accept","WithMemory"
493,1,3,2,4004,4.004,NA,NA,21.92,NA,59,2,1,2,5,3,3,3,2,3,3,4,NA,NA,NA,0,1,3.25,3,0,0,1,0,"Accept","NoMemory"
494,1,4,2,4537,4.537,NA,NA,NA,22.37,39,2,1,4,3,4,2,5,4,4,3,4,NA,NA,NA,0,1,3.25,4,0,0,0,1,"Accept","NoMemory"
495,1,2,2,5772,5.772,NA,17.9,NA,NA,64,1,1,4,3,3,5,3,4,2,4,5,4,1,1,0,1,3.75,3.6,0,1,0,0,"Accept","NoMemory"
496,1,1,1,3755,3.755,10.88,NA,NA,NA,58,1,1,4,3,3,3,4,4,5,4,3,5,1,1,1,0,3.25,4,1,0,0,0,"Accept","WithMemory"
497,4,1,1,NA,NA,23.76,NA,NA,NA,52,1,1,4,3,3,5,4,4,3,4,4,2,1,1,1,0,3.75,3.8,1,0,0,0,"Other","WithMemory"
498,1,1,2,3342,3.342,29.02,NA,NA,NA,25,2,1,2,2,5,3,3,4,4,4,5,3,1,1,0,1,3,4,1,0,0,0,"Accept","NoMemory"
499,1,3,2,6551,6.551,NA,NA,19.48,NA,24,2,1,4,4,3,4,4,4,4,3,4,NA,NA,NA,0,1,3.75,3.8,0,0,1,0,"Accept","NoMemory"
500,2,3,2,14574,14.574,NA,NA,23.2,NA,65,1,1,4,3,2,5,3,5,3,3,4,NA,NA,NA,0,1,3.5,3.6,0,0,1,0,"Reject","NoMemory"
501,2,2,2,8641,8.641,NA,31.35,NA,NA,45,2,1,3,5,2,3,2,4,5,4,4,3,1,1,0,1,3.25,3.8,0,1,0,0,"Reject","NoMemory"
502,2,1,2,8423,8.423,40.3,NA,NA,NA,23,1,1,5,2,5,4,3,3,5,2,4,4,1,1,0,1,4,3.4,1,0,0,0,"Reject","NoMemory"
503,2,4,2,6835,6.835,NA,NA,NA,17.1,29,1,2,4,4,4,4,4,2,4,4,3,NA,NA,NA,0,1,4,3.4,0,0,0,1,"Reject","NoMemory"
504,1,3,2,2926,2.926,NA,NA,81.87,NA,50,1,2,2,3,2,4,2,4,4,3,4,NA,NA,NA,0,1,2.75,3.4,0,0,1,0,"Accept","NoMemory"
505,1,2,1,4172,4.172,NA,12.74,NA,NA,20,2,1,3,4,3,4,3,4,5,4,3,4,1,1,1,0,3.5,3.8,0,1,0,0,"Accept","WithMemory"
506,1,2,2,4916,4.916,NA,35.72,NA,NA,40,1,1,2,3,3,3,4,3,3,2,4,4,1,1,0,1,2.75,3.2,0,1,0,0,"Accept","NoMemory"
507,1,3,2,5706,5.706,NA,NA,11.3,NA,44,1,1,4,3,3,4,4,3,4,3,4,NA,NA,NA,0,1,3.5,3.6,0,0,1,0,"Accept","NoMemory"
508,3,4,2,11425,11.425,NA,NA,NA,14.72,29,1,2,4,3,4,3,2,4,5,4,3,NA,NA,NA,0,1,3.5,3.6,0,0,0,1,"Manage","NoMemory"
509,2,3,2,13881,13.881,NA,NA,16.28,NA,31,1,2,4,3,4,5,4,3,4,3,3,NA,NA,NA,0,1,4,3.4,0,0,1,0,"Reject","NoMemory"
510,1,1,2,2887,2.887,13.69,NA,NA,NA,43,2,1,2,4,3,3,3,4,4,3,4,4,1,1,0,1,3,3.6,1,0,0,0,"Accept","NoMemory"
511,1,1,2,4119,4.119,32.29,NA,NA,NA,43,1,1,4,2,3,3,5,4,4,5,2,3,1,1,0,1,3,4,1,0,0,0,"Accept","NoMemory"
512,2,4,1,5198,5.198,NA,NA,NA,9.96,57,1,1,4,3,3,3,4,4,4,4,2,NA,NA,NA,1,0,3.25,3.6,0,0,0,1,"Reject","WithMemory"
513,1,1,1,2818,2.818,25.03,NA,NA,NA,64,1,1,3,5,4,4,4,3,4,3,4,5,1,1,1,0,4,3.6,1,0,0,0,"Accept","WithMemory"
514,1,3,2,5310,5.31,NA,NA,5.44,NA,35,2,1,3,4,4,2,3,3,3,4,2,NA,NA,NA,0,1,3.25,3,0,0,1,0,"Accept","NoMemory"
515,2,3,1,4271,4.271,NA,NA,19.11,NA,21,1,1,4,3,4,5,4,4,3,2,4,NA,NA,NA,1,0,4,3.4,0,0,1,0,"Reject","WithMemory"
516,1,4,2,5574,5.574,NA,NA,NA,35.75,25,1,1,2,4,3,3,4,4,4,4,2,NA,NA,NA,0,1,3,3.6,0,0,0,1,"Accept","NoMemory"
517,2,4,1,5116,5.116,NA,NA,NA,16.08,19,1,1,5,4,4,3,4,3,3,3,4,NA,NA,NA,1,0,4,3.4,0,0,0,1,"Reject","WithMemory"
518,1,1,2,4357,4.357,16.67,NA,NA,NA,53,1,1,3,5,3,3,3,4,4,4,5,3,1,1,0,1,3.5,4,1,0,0,0,"Accept","NoMemory"
519,1,3,2,4834,4.834,NA,NA,15.73,NA,40,2,1,1,3,2,4,2,4,5,4,3,NA,NA,NA,0,1,2.5,3.6,0,0,1,0,"Accept","NoMemory"
520,1,4,1,4235,4.235,NA,NA,NA,26.75,56,2,1,3,2,2,5,4,3,3,4,4,NA,NA,NA,1,0,3,3.6,0,0,0,1,"Accept","WithMemory"
521,1,1,1,5441,5.441,38.21,NA,NA,NA,47,1,1,4,3,4,5,3,4,2,5,5,3,1,1,1,0,4,3.8,1,0,0,0,"Accept","WithMemory"
522,1,1,1,5991,5.991,25.01,NA,NA,NA,42,2,1,4,3,2,2,4,2,5,4,3,5,1,1,1,0,2.75,3.6,1,0,0,0,"Accept","WithMemory"
523,2,4,1,6352,6.352,NA,NA,NA,57.03,38,2,1,4,5,3,2,3,4,5,3,3,NA,NA,NA,1,0,3.5,3.6,0,0,0,1,"Reject","WithMemory"
524,1,1,1,4591,4.591,28.26,NA,NA,NA,24,1,1,4,2,3,2,3,4,4,4,4,4,1,1,1,0,2.75,3.8,1,0,0,0,"Accept","WithMemory"
525,1,4,2,4108,4.108,NA,NA,NA,25.26,23,2,1,1,5,2,4,4,3,3,4,4,NA,NA,NA,0,1,3,3.6,0,0,0,1,"Accept","NoMemory"
526,1,3,1,3459,3.459,NA,NA,17.78,NA,25,1,1,3,3,4,3,5,3,4,3,3,NA,NA,NA,1,0,3.25,3.6,0,0,1,0,"Accept","WithMemory"
527,1,1,1,3571,3.571,12.04,NA,NA,NA,57,2,1,3,4,2,1,4,3,3,5,4,4,1,1,1,0,2.5,3.8,1,0,0,0,"Accept","WithMemory"
528,2,2,2,15442,15.442,NA,10.74,NA,NA,59,1,1,4,3,4,5,4,4,3,4,5,4,1,1,0,1,4,4,0,1,0,0,"Reject","NoMemory"
529,1,3,2,7398,7.3984,NA,NA,89.02,NA,23,2,1,3,4,5,4,5,4,4,3,3,NA,NA,NA,0,1,4,3.8,0,0,1,0,"Accept","NoMemory"
530,1,3,1,4960,4.96,NA,NA,3.35,NA,19,1,1,4,4,4,4,2,4,5,5,3,NA,NA,NA,1,0,4,3.8,0,0,1,0,"Accept","WithMemory"
531,2,2,2,6911,6.911,NA,19.3,NA,NA,21,2,1,4,2,5,3,3,4,5,4,3,3,1,1,0,1,3.5,3.8,0,1,0,0,"Reject","NoMemory"
532,1,4,2,3270,3.27,NA,NA,NA,17.52,22,2,1,3,3,3,1,4,5,3,4,3,NA,NA,NA,0,1,2.5,3.8,0,0,0,1,"Accept","NoMemory"
533,1,3,1,3082,3.082,NA,NA,64.61,NA,21,2,1,2,4,4,4,2,3,3,4,4,NA,NA,NA,1,0,3.5,3.2,0,0,1,0,"Accept","WithMemory"
534,2,4,2,10993,10.993,NA,NA,NA,27.8,61,1,1,5,3,3,4,5,3,2,4,3,NA,NA,NA,0,1,3.75,3.4,0,0,0,1,"Reject","NoMemory"
535,1,3,1,3407,3.407,NA,NA,8.53,NA,24,1,1,2,3,2,4,4,3,3,5,4,NA,NA,NA,1,0,2.75,3.8,0,0,1,0,"Accept","WithMemory"
536,2,4,2,6515,6.515,NA,NA,NA,47.17,39,1,1,4,2,5,2,4,3,4,5,4,NA,NA,NA,0,1,3.25,4,0,0,0,1,"Reject","NoMemory"
537,2,4,2,6371,6.371,NA,NA,NA,25.33,56,1,1,4,4,3,3,4,2,4,3,4,NA,NA,NA,0,1,3.5,3.4,0,0,0,1,"Reject","NoMemory"
538,1,3,1,2593,2.593,NA,NA,44.83,NA,23,2,1,3,3,3,3,4,3,5,3,4,NA,NA,NA,1,0,3,3.8,0,0,1,0,"Accept","WithMemory"
539,2,4,1,4199,4.199,NA,NA,NA,22.2,20,1,2,4,5,4,4,5,4,2,3,1,NA,NA,NA,1,0,4.25,3,0,0,0,1,"Reject","WithMemory"
540,1,3,1,3882,3.882,NA,NA,11.36,NA,38,1,1,4,3,5,4,4,4,4,4,3,NA,NA,NA,1,0,4,3.8,0,0,1,0,"Accept","WithMemory"
541,1,2,2,4798,4.798,NA,22.34,NA,NA,60,1,2,4,2,1,4,3,5,4,4,4,4,1,1,0,1,2.75,4,0,1,0,0,"Accept","NoMemory"
542,2,4,2,8209,8.209,NA,NA,NA,60.68,52,1,1,2,4,3,5,2,4,3,4,3,NA,NA,NA,0,1,3.5,3.2,0,0,0,1,"Reject","NoMemory"
543,2,3,1,8489,8.489,NA,NA,200.79,NA,61,1,1,5,4,4,3,3,3,4,2,4,NA,NA,NA,1,0,4,3.2,0,0,1,0,"Reject","WithMemory"
544,2,3,1,3919,3.919,NA,NA,314.02,NA,21,2,1,4,2,3,4,4,5,3,4,3,NA,NA,NA,1,0,3.25,3.8,0,0,1,0,"Reject","WithMemory"
545,1,1,2,5069,5.0694,23.06,NA,NA,NA,52,2,1,5,4,5,3,5,3,3,4,2,4,1,1,0,1,4.25,3.4,1,0,0,0,"Accept","NoMemory"
546,3,2,2,19768,19.768,NA,59.99,NA,NA,33,2,1,3,3,4,4,3,3,2,4,3,5,1,1,0,1,3.5,3,0,1,0,0,"Manage","NoMemory"
547,2,1,2,8266,8.266,7.07,NA,NA,NA,22,1,1,5,4,4,2,4,3,4,4,3,4,1,1,0,1,3.75,3.6,1,0,0,0,"Reject","NoMemory"
548,1,1,1,4367,4.367,13.5,NA,NA,NA,26,2,1,3,2,2,3,4,2,3,3,4,4,1,1,1,0,2.5,3.2,1,0,0,0,"Accept","WithMemory"
549,1,1,1,3841,3.841,20.55,NA,NA,NA,30,1,1,3,4,4,2,4,4,3,3,3,3,1,1,1,0,3.25,3.4,1,0,0,0,"Accept","WithMemory"
550,1,3,1,4756,4.756,NA,NA,29.79,NA,39,1,1,4,4,3,4,4,4,4,4,4,NA,NA,NA,1,0,3.75,4,0,0,1,0,"Accept","WithMemory"
551,2,4,2,6077,6.077,NA,NA,NA,63.97,57,1,1,4,4,4,5,5,3,4,4,3,NA,NA,NA,0,1,4.25,3.8,0,0,0,1,"Reject","NoMemory"
552,1,1,2,4373,4.373,11.68,NA,NA,NA,30,2,1,3,3,3,5,3,4,3,2,4,5,1,1,0,1,3.5,3.2,1,0,0,0,"Accept","NoMemory"
553,1,2,2,5323,5.323,NA,11.97,NA,NA,44,1,1,3,3,2,4,4,3,4,2,3,4,1,1,0,1,3,3.2,0,1,0,0,"Accept","NoMemory"
554,4,3,1,NA,NA,NA,NA,52.23,NA,49,2,1,3,3,4,4,4,4,4,3,4,NA,NA,NA,1,0,3.5,3.8,0,0,1,0,"Other","WithMemory"
555,2,4,1,3281,3.281,NA,NA,NA,9.92,19,2,1,4,3,3,3,5,4,5,4,4,NA,NA,NA,1,0,3.25,4.4,0,0,0,1,"Reject","WithMemory"
556,1,1,1,5020,5.02,53.55,NA,NA,NA,59,2,1,4,3,4,3,4,4,4,5,3,3,1,1,1,0,3.5,4,1,0,0,0,"Accept","WithMemory"
557,2,1,2,6088,6.088,55.77,NA,NA,NA,50,2,2,5,5,4,3,4,5,3,5,4,4,1,1,0,1,4.25,4.2,1,0,0,0,"Reject","NoMemory"
558,1,3,2,3807,3.807,NA,NA,44.57,NA,21,2,1,4,3,3,4,4,3,5,5,3,NA,NA,NA,0,1,3.5,4,0,0,1,0,"Accept","NoMemory"
559,1,2,2,4556,4.556,NA,18.46,NA,NA,18,2,1,3,2,3,5,4,4,4,4,3,1,1,1,0,1,3.25,3.8,0,1,0,0,"Accept","NoMemory"
560,3,3,2,19753,19.753,NA,NA,329.69,NA,41,2,1,5,5,3,4,4,3,2,3,4,NA,NA,NA,0,1,4.25,3.2,0,0,1,0,"Manage","NoMemory"
561,4,2,1,NA,NA,NA,5.79,NA,NA,24,2,1,3,2,4,3,4,3,3,4,4,5,1,1,1,0,3,3.6,0,1,0,0,"Other","WithMemory"
562,2,4,1,7732,7.732,NA,NA,NA,12.46,25,2,2,4,3,5,4,4,4,4,2,4,NA,NA,NA,1,0,4,3.6,0,0,0,1,"Reject","WithMemory"
563,1,3,2,5177,5.177,NA,NA,15.25,NA,31,1,1,2,1,4,3,3,4,3,3,4,NA,NA,NA,0,1,2.5,3.4,0,0,1,0,"Accept","NoMemory"
564,1,3,2,5370,5.37,NA,NA,199.6,NA,44,1,1,5,4,2,2,4,4,3,3,3,NA,NA,NA,0,1,3.25,3.4,0,0,1,0,"Accept","NoMemory"
565,2,4,1,7547,7.547,NA,NA,NA,95.33,31,2,2,3,3,2,5,2,3,4,3,4,NA,NA,NA,1,0,3.25,3.2,0,0,0,1,"Reject","WithMemory"
566,1,3,1,3065,3.065,NA,NA,49.31,NA,31,2,1,3,3,2,4,4,4,5,4,4,NA,NA,NA,1,0,3,4.2,0,0,1,0,"Accept","WithMemory"
567,1,4,1,3655,3.655,NA,NA,NA,21.54,27,2,1,4,4,3,2,4,3,4,5,4,NA,NA,NA,1,0,3.25,4,0,0,0,1,"Accept","WithMemory"
568,1,1,2,7450,7.45,33.37,NA,NA,NA,45,2,1,3,2,2,3,4,5,3,5,4,4,1,1,0,1,2.5,4.2,1,0,0,0,"Accept","NoMemory"
569,2,4,2,6004,6.004,NA,NA,NA,12.97,58,2,1,3,4,3,2,4,4,3,5,3,NA,NA,NA,0,1,3,3.8,0,0,0,1,"Reject","NoMemory"
570,1,3,1,4314,4.314,NA,NA,243.69,NA,42,1,2,4,2,3,4,4,4,3,5,4,NA,NA,NA,1,0,3.25,4,0,0,1,0,"Accept","WithMemory"
571,2,4,2,7972,7.972,NA,NA,NA,23.54,51,1,2,3,3,4,4,3,4,4,4,4,NA,NA,NA,0,1,3.5,3.8,0,0,0,1,"Reject","NoMemory"
572,2,4,2,6121,6.121,NA,NA,NA,14.93,54,2,2,5,3,5,4,4,3,3,4,4,NA,NA,NA,0,1,4.25,3.6,0,0,0,1,"Reject","NoMemory"
573,2,1,2,12271,12.271,25.35,NA,NA,NA,52,1,1,4,3,2,5,4,3,4,5,3,4,1,1,0,1,3.5,3.8,1,0,0,0,"Reject","NoMemory"
574,1,1,1,3715,3.715,16.07,NA,NA,NA,33,2,1,4,4,4,4,3,5,3,5,4,3,1,1,1,0,4,4,1,0,0,0,"Accept","WithMemory"
575,1,1,2,5570,5.57,6.36,NA,NA,NA,49,1,1,3,4,3,4,4,3,4,3,3,5,1,1,0,1,3.5,3.4,1,0,0,0,"Accept","NoMemory"
576,4,4,1,NA,NA,NA,NA,NA,36.83,37,1,1,4,4,2,3,3,2,4,2,5,NA,NA,NA,1,0,3.25,3.2,0,0,0,1,"Other","WithMemory"
577,1,2,1,2968,2.968,NA,25.52,NA,NA,35,1,1,3,4,4,4,3,4,4,4,3,4,1,1,1,0,3.75,3.6,0,1,0,0,"Accept","WithMemory"
578,1,1,2,3504,3.504,13.9,NA,NA,NA,18,2,2,2,4,3,4,5,4,4,4,5,3,1,1,0,1,3.25,4.4,1,0,0,0,"Accept","NoMemory"
579,4,1,1,NA,NA,17.57,NA,NA,NA,46,1,1,4,2,2,3,4,4,3,3,2,5,1,1,1,0,2.75,3.2,1,0,0,0,"Other","WithMemory"
580,2,3,2,8416,8.416,NA,NA,20.31,NA,53,1,1,3,4,2,4,3,3,4,4,3,NA,NA,NA,0,1,3.25,3.4,0,0,1,0,"Reject","NoMemory"
581,1,2,1,6240,6.24,NA,47.28,NA,NA,23,1,1,5,4,3,3,3,5,3,3,4,4,1,1,1,0,3.75,3.6,0,1,0,0,"Accept","WithMemory"
582,1,3,1,4174,4.174,NA,NA,48.97,NA,38,1,1,3,5,3,3,5,3,5,3,3,NA,NA,NA,1,0,3.5,3.8,0,0,1,0,"Accept","WithMemory"
583,1,1,2,8025,8.025,20.4,NA,NA,NA,21,1,1,5,3,4,3,3,3,3,5,4,5,1,1,0,1,3.75,3.6,1,0,0,0,"Accept","NoMemory"
584,2,3,1,9133,9.133,NA,NA,43.59,NA,27,2,1,4,4,5,5,5,4,3,3,5,NA,NA,NA,1,0,4.5,4,0,0,1,0,"Reject","WithMemory"
585,3,4,2,12048,12.048,NA,NA,NA,32.94,61,2,1,4,3,4,5,3,4,4,3,4,NA,NA,NA,0,1,4,3.6,0,0,0,1,"Manage","NoMemory"
586,1,1,1,3986,3.986,22.12,NA,NA,NA,25,2,1,5,3,2,4,4,4,3,4,3,2,1,1,1,0,3.5,3.6,1,0,0,0,"Accept","WithMemory"
587,1,1,1,4596,4.596,40.17,NA,NA,NA,38,2,1,4,4,3,3,5,5,4,5,5,3,1,1,1,0,3.5,4.8,1,0,0,0,"Accept","WithMemory"
588,1,3,2,2590,2.59,NA,NA,12.78,NA,38,1,1,3,1,4,3,4,5,4,4,4,NA,NA,NA,0,1,2.75,4.2,0,0,1,0,"Accept","NoMemory"
589,1,4,2,5121,5.121,NA,NA,NA,9.51,30,1,1,2,3,3,4,4,3,3,5,4,NA,NA,NA,0,1,3,3.8,0,0,0,1,"Accept","NoMemory"
590,2,1,2,8519,8.519,102.02,NA,NA,NA,22,2,1,3,3,4,3,4,5,3,2,4,3,1,1,0,1,3.25,3.6,1,0,0,0,"Reject","NoMemory"
591,2,2,2,10623,10.623,NA,6.99,NA,NA,28,2,1,4,3,3,3,4,4,4,3,5,2,1,1,0,1,3.25,4,0,1,0,0,"Reject","NoMemory"
592,2,3,2,6486,6.486,NA,NA,71.67,NA,35,2,1,3,2,5,5,3,5,5,4,4,NA,NA,NA,0,1,3.75,4.2,0,0,1,0,"Reject","NoMemory"
593,1,2,1,4176,4.176,NA,17.2,NA,NA,27,1,1,3,5,4,3,5,4,4,4,4,3,1,1,1,0,3.75,4.2,0,1,0,0,"Accept","WithMemory"
594,2,4,1,6634,6.634,NA,NA,NA,12.17,40,2,1,5,2,4,4,5,4,3,3,4,NA,NA,NA,1,0,3.75,3.8,0,0,0,1,"Reject","WithMemory"
